feature,decile,n,feat_lo,feat_hi,p_up,lift
body,1,12544,-0.015765575679827153,-0.0011505640960081818,0.48278061224489793,-0.030253507653061285
body,2,12544,-0.0011505588428665351,-0.0006141345427059713,0.4966517857142857,-0.01638233418367352
body,3,12544,-0.0006141039200300228,-0.00032499187520311994,0.5183354591836735,0.005301339285714302
body,4,12544,-0.00032497427287006444,-0.00013472247170828093,0.5242346938775511,0.011200573979591844
body,5,12544,-0.00013472247170828093,2.146014850422765e-05,0.5237563775510204,0.010722257653061229
body,6,12544,2.1472129176329125e-05,0.00018875492532383268,0.5244738520408163,0.011439732142857095
body,7,12544,0.00018875937898164315,0.0003702687877125617,0.5139508928571429,0.0009167729591836871
body,8,12544,0.00037030941408821595,0.0006328553166175149,0.5141103316326531,0.001076211734693855
body,9,12544,0.0006329113924050633,0.0011219624142591222,0.5137117346938775,0.0006776147959183243
body,10,12544,0.0011219640971488912,0.021837811311495522,0.5183354591836735,0.005301339285714302
range,1,12544,0.0,0.0005068937550689375,0.5341198979591837,0.02108577806122447
range,2,12544,0.0005068974256852166,0.0006536604987932422,0.5255102040816326,0.012476084183673408
range,3,12544,0.0006536765830795121,0.0008069882349609956,0.5274234693877551,0.014389349489795866
range,4,12544,0.0008070210834258045,0.0009679605072113057,0.5177774234693877,0.004743303571428492
range,5,12544,0.000967962792454612,0.0011589626444504166,0.5137117346938775,0.0006776147959183243
range,6,12544,0.0011589634231143665,0.0013918422578774407,0.502311862244898,-0.010722257653061229
range,7,12544,0.0013918593203652782,0.0017017404929992755,0.5114795918367347,-0.0015545280612244694
range,8,12544,0.0017017655817911082,0.0021699525395407126,0.5066167091836735,-0.006417410714285698
range,9,12544,0.00216998191681736,0.0030369290573372208,0.4997608418367347,-0.013273278061224525
range,10,12544,0.0030370663351791164,0.03288987435328899,0.4916294642857143,-0.021404655612244916
body_frac,1,12544,0.0,0.09770114942528736,0.5154655612244898,0.0024314413265306145
body_frac,2,12544,0.09770114942528736,0.19148936170212766,0.5229591836734694,0.009925063775510168
body_frac,3,12544,0.19148936170212766,0.28,0.5115593112244898,-0.0014748086734693855
body_frac,4,12544,0.28,0.36796536796536794,0.5098852040816326,-0.003148915816326592
body_frac,5,12544,0.368,0.45,0.5158641581632653,0.002830038265306034
body_frac,6,12544,0.45,0.5306122448979592,0.5121970663265306,-0.0008370535714286031
body_frac,7,12544,0.5306122448979592,0.6129032258064516,0.5137117346938775,0.0006776147959183243
body_frac,8,12544,0.6129032258064516,0.7,0.5099649234693877,-0.003069196428571508
body_frac,9,12544,0.7,0.8,0.5087691326530612,-0.004264987244897989
body_frac,10,12544,0.8,1.0,0.5099649234693877,-0.003069196428571508
close_loc,1,12544,0.0,0.10106382978723404,0.5031887755102041,-0.009845344387755084
close_loc,2,12544,0.10112359550561797,0.2,0.5078125,-0.005221619897959218
close_loc,3,12544,0.2,0.30120481927710846,0.5095663265306123,-0.0034677933673469274
close_loc,4,12544,0.30120481927710846,0.4117647058823529,0.5149075255102041,0.001873405612244916
close_loc,5,12544,0.4117647058823529,0.5253164556962026,0.5145886479591837,0.0015545280612244694
close_loc,6,12544,0.5253164556962026,0.6363636363636364,0.5127551020408163,-0.0002790178571429047
close_loc,7,12544,0.6363636363636364,0.7380952380952381,0.5199298469387755,0.006895727040816313
close_loc,8,12544,0.7380952380952381,0.8313953488372093,0.5153061224489796,0.0022720025510203357
close_loc,9,12544,0.8313953488372093,0.9135135135135135,0.5196109693877551,0.006576849489795866
close_loc,10,12544,0.9135802469135802,1.0,0.5126753826530612,-0.00035873724489798864
upper_wick,1,12544,0.0,0.03508771929824561,0.5034279336734694,-0.009606186224489832
upper_wick,2,12544,0.03508771929824561,0.08080808080808081,0.5042251275510204,-0.008808992346938771
upper_wick,3,12544,0.08080808080808081,0.125,0.5066167091836735,-0.006417410714285698
upper_wick,4,12544,0.125,0.17391304347826086,0.5154655612244898,0.0024314413265306145
upper_wick,5,12544,0.17391304347826086,0.22727272727272727,0.513313137755102,0.0002790178571427937
upper_wick,6,12544,0.22727272727272727,0.2857142857142857,0.5163424744897959,0.0033083545918366486
upper_wick,7,12544,0.2857142857142857,0.35714285714285715,0.5201690051020408,0.007134885204081565
upper_wick,8,12544,0.35714285714285715,0.4444444444444444,0.5123565051020408,-0.0006776147959184353
upper_wick,9,12544,0.4444444444444444,0.5714285714285714,0.5200892857142857,0.007055165816326481
upper_wick,10,12544,0.5714285714285714,1.0,0.5183354591836735,0.005301339285714302
lower_wick,1,12544,0.0,0.037037037037037035,0.5160235969387755,0.002989477040816313
lower_wick,2,12544,0.037037037037037035,0.08695652173913043,0.5173788265306123,0.0043447066326530726
lower_wick,3,12544,0.08695652173913043,0.13636363636363635,0.5135522959183674,0.0005181760204081565
lower_wick,4,12544,0.13636363636363635,0.1875,0.5071747448979592,-0.005859375
lower_wick,5,12544,0.1875,0.2459016393442623,0.5099649234693877,-0.003069196428571508
lower_wick,6,12544,0.2459016393442623,0.30612244897959184,0.5144292091836735,0.0013950892857143016
lower_wick,7,12544,0.30612244897959184,0.375,0.5141900510204082,0.0011559311224489388
lower_wick,8,12544,0.375,0.4666666666666667,0.517219387755102,0.004185267857142794
lower_wick,9,12544,0.4666666666666667,0.5892857142857143,0.5131536989795918,0.00011957908163262587
lower_wick,10,12544,0.5892857142857143,1.0,0.5072544642857143,-0.005779655612244916
mom2,1,12544,-0.024578168938407398,-0.0016522706957194416,0.4803093112244898,-0.03272480867346944
mom2,2,12544,-0.0016522239304547935,-0.0008693377117685606,0.49609375,-0.016940369897959218
mom2,3,12544,-0.0008693373553985108,-0.0004636520032375739,0.5146683673469388,0.0016342474489795533
mom2,4,12544,-0.0004636306902322217,-0.00019391118867558658,0.5227997448979592,0.009765625
mom2,5,12544,-0.00019390178737680467,4.414013624963681e-05,0.5214445153061225,0.00841039540816324
mom2,6,12544,4.4140190082026475e-05,0.0002672914604881179,0.5283003826530612,0.015266262755102011
mom2,7,12544,0.0002673110805542244,0.0005313044596669441,0.5174585459183674,0.0044244260204081565
mom2,8,12544,0.0005313635454270412,0.0009141288258861848,0.5103635204081632,-0.0026705994897959773
mom2,9,12544,0.0009141534458605668,0.0016109169125234617,0.5160235969387755,0.002989477040816313
mom2,10,12544,0.0016109401948042304,0.03157259506359692,0.5228794642857143,0.009845344387755084
accel,1,12544,-0.027450790826029168,-0.0016205383367824972,0.49306441326530615,-0.019969706632653073
accel,2,12544,-0.001620457292359561,-0.0009085164616742336,0.51171875,-0.0013153698979592177
accel,3,12544,-0.00090844349195766,-0.0005302102118404351,0.5167410714285714,0.003706951530612179
accel,4,12544,-0.0005302001455445425,-0.00025346228932392054,0.5185746173469388,0.005540497448979553
accel,5,12544,-0.0002534596198819094,-2.6708587989431737e-07,0.5251116071428571,0.012077487244897878
accel,6,12544,-2.669264801264098e-07,0.00022254663561431146,0.5154655612244898,0.0024314413265306145
accel,7,12544,0.00022257525754885863,0.0005095014053353673,0.5199298469387755,0.006895727040816313
accel,8,12544,0.0005095281888136692,0.0009002695168185986,0.5113998724489796,-0.0016342474489796643
accel,9,12544,0.0009003205965254985,0.001632182804474101,0.5130739795918368,3.985969387754196e-05
accel,10,12544,0.0016321933161844498,0.03113695866390514,0.5052614795918368,-0.007772640306122458
run_len,1,12544,-15.0,-2.0,0.4976084183673469,-0.01542570153061229
run_len,2,12544,-2.0,-2.0,0.5070153061224489,-0.006018813775510279
run_len,3,12544,-2.0,-1.0,0.5147480867346939,0.0017139668367346372
run_len,4,12544,-1.0,-1.0,0.5191326530612245,0.006098533163265252
run_len,5,12544,-1.0,1.0,0.5073341836734694,-0.005699936224489832
run_len,6,12544,1.0,1.0,0.5115593112244898,-0.0014748086734693855
run_len,7,12544,1.0,1.0,0.521125637755102,0.008091517857142794
run_len,8,12544,1.0,2.0,0.5076530612244898,-0.0053810586734693855
run_len,9,12544,2.0,3.0,0.5188934948979592,0.005859375
run_len,10,12544,3.0,15.0,0.5252710459183674,0.012236926020408156
rng_contract,1,12544,0.0,0.5758983699518834,0.5254304846938775,0.012396364795918324
rng_contract,2,12543,0.5759046394077455,0.6782436197112063,0.517738977915969,0.004704858018009794
rng_contract,3,12543,0.6782514056538823,0.7642046182260934,0.5198915729889181,0.006857453090958865
rng_contract,4,12544,0.7642131250269613,0.8487002474472886,0.5098852040816326,-0.003148915816326592
rng_contract,5,12543,0.8487094937765368,0.9382483849702883,0.5167025432512158,0.003668423353256567
rng_contract,6,12543,0.9382599029066323,1.0433332648974396,0.506577373834011,-0.006456746063948193
rng_contract,7,12544,1.0433459087495462,1.1757061532232729,0.5183354591836735,0.005301339285714302
rng_contract,8,12543,1.1757100685139843,1.3640110421477445,0.5173403491987563,0.004306229300797049
rng_contract,9,12543,1.3640133796244631,1.7397431128419065,0.5034680698397512,-0.009566050058207987
rng_contract,10,12544,1.7398041225995657,1632.632146319918,0.4950573979591837,-0.01797672193877553
gap,1,12544,-0.01540464308960729,-4.461895413171515e-05,0.5070153061224489,-0.006018813775510279
gap,2,12544,-4.46149727848666e-05,-2.350369595618911e-05,0.5107621173469388,-0.0022720025510204467
gap,3,12544,-2.3503419747573273e-05,0.0,0.5045440051020408,-0.008490114795918435
gap,4,12544,0.0,0.0,0.5107621173469388,-0.0022720025510204467
gap,5,12544,0.0,0.0,0.5162627551020408,0.0032286352040815647
gap,6,12544,0.0,0.0,0.5220025510204082,0.008968431122448939
gap,7,12544,0.0,0.0,0.5181760204081632,0.005141900510204023
gap,8,12544,0.0,2.586652871184687e-05,0.5141103316326531,0.001076211734693855
gap,9,12544,2.5868536099542126e-05,4.5833715280960675e-05,0.5145089285714286,0.0014748086734693855
gap,10,12544,4.583581610670578e-05,0.004670211237246731,0.5121970663265306,-0.0008370535714286031
