feature,horizon,decile,n,feat_lo,feat_hi,mean_bps,median_bps,hit,lift_bps,hit_lift
body,1,1,12676,-0.016358537598670543,-0.0011465965658034565,-0.12524290831966495,0.45054190269011585,0.5078100347112654,-0.1787979307521419,0.004271712751579337
body,1,2,12675,-0.0011465672054151127,-0.0006101567633530461,-0.05316414424765394,0.49712907956633856,0.5140828402366864,-0.1067191666801309,0.010544518277000314
body,1,3,12676,-0.0006101281269066504,-0.00032309133792123035,0.1907719658463869,0.5461497769565504,0.5257178920795204,0.13721694341390994,0.02217957011983429
body,1,4,12675,-0.0003230808994572241,-0.0001345080368552021,0.15333241185549198,0.47442831388133655,0.5155818540433925,0.09977738942301503,0.012043532083706454
body,1,5,12676,-0.00013450351390430074,1.486458364301216e-05,0.12194574171614547,0.13700782801606692,0.5003155569580309,0.06839071928366852,-0.0032227650016551923
body,1,6,12675,1.4945449110745778e-05,0.00018436578171091445,0.09648266251414087,0.0,0.49743589743589745,0.042927640081663915,-0.006102424523788619
body,1,7,12675,0.00018437427978796957,0.0003672420124862284,0.08838483265528063,0.0,0.49128205128205127,0.03482981022280368,-0.012256270677634795
body,1,8,12676,0.0003672420124862284,0.0006289724576271186,-0.052094477046032886,0.0,0.48769327863679396,-0.10564949947850984,-0.015845043322892105
body,1,9,12675,0.0006289967501834574,0.001116810059563203,-0.023810173822813408,0.0,0.49222879684418147,-0.07736519625529036,-0.011309525115504593
body,1,10,12676,0.0011169201520912547,0.02270699290846757,0.13894379648658378,0.26853578059315986,0.503234458819817,0.08538877405410683,-0.0003038631398690761
range,1,1,12676,0.0,0.0005022601707684581,0.05871125679347832,0.0,0.494714420952982,0.00515623436100137,-0.008823901006704049
range,1,2,12675,0.0005022601707684581,0.0006481611948710723,0.07141699866349681,0.0,0.49301775147928995,0.017861976231019858,-0.010520570480396119
range,1,3,12676,0.0006481721545242416,0.0008027062668424976,0.08491169954643896,0.2628658683423435,0.5026033449037551,0.031356677113962006,-0.0009349770559309301
range,1,4,12675,0.0008027136901525156,0.0009645268459972136,0.0996391415657518,0.0,0.4990138067061144,0.04608411913327484,-0.00452451525357167
range,1,5,12676,0.0009645268459972136,0.0011556442716814624,0.07940131555500754,0.41732187406440246,0.50765225623225,0.02584629312253059,0.004113934272563902
range,1,6,12675,0.0011556685542586387,0.0013877949064176138,0.023351375792548625,0.14220098687456328,0.5007495069033531,-0.030203646639928326,-0.002788815056332994
range,1,7,12675,0.0013877966415321275,0.0016976861167002013,0.10642043821573116,0.45978596963092144,0.5104536489151874,0.05286541578325421,0.006915326955501344
range,1,8,12676,0.0016977041815759918,0.002166148554798598,0.03943817223456725,0.38590765384816095,0.5092300410224045,-0.014116850197909703,0.005691719062718481
range,1,9,12675,0.002166149522861659,0.0030303030303030303,-0.0942762943714105,0.5175715542682369,0.510611439842209,-0.14783131680388745,0.007073117882522961
range,1,10,12676,0.0030303482661332456,0.03288987435328899,0.06653129045756788,0.4971146419630035,0.507336699274219,0.012976268025090928,0.003798377314532919
body_frac,1,1,12676,0.0,0.0967741935483871,0.11560788038118663,0.26423255635288356,0.5029977911012938,0.06205285794870968,-0.0005405308583922297
body_frac,1,2,12675,0.09693877551020408,0.19047619047619047,0.2719821844167612,0.48348885558269217,0.5136094674556213,0.21842716198428425,0.010071145495935241
body_frac,1,3,12676,0.19047619047619047,0.27906976744186046,0.0961575027889323,0.28080422351695056,0.5038655727358788,0.04260248035645535,0.00032725077619277787
body_frac,1,4,12675,0.27906976744186046,0.36585365853658536,-0.12524639705762725,0.23775558725569468,0.5026429980276134,-0.1788014194901042,-0.0008953239320727002
body_frac,1,5,12676,0.36585365853658536,0.4481132075471698,-0.05891898677908013,0.0,0.49944777532344586,-0.11247400921155709,-0.0040905466362402
body_frac,1,6,12675,0.44814814814814813,0.5294117647058824,0.023041742027769024,0.33041467041083905,0.504930966469428,-0.030513280404707927,0.0013926445097419693
body_frac,1,7,12675,0.5294117647058824,0.6111111111111112,0.04346810523847667,0.2768472633651875,0.5038264299802762,-0.010086917194000282,0.0002881080205900943
body_frac,1,8,12676,0.6111111111111112,0.6993865030674846,-0.024762763844598336,0.2081642589257804,0.5016566740296624,-0.07831778627707528,-0.0018816479300236555
body_frac,1,9,12675,0.699438202247191,0.8,-0.07956030359981722,0.0,0.49633136094674557,-0.13311532603229417,-0.007206961012940494
body_frac,1,10,12676,0.8,1.0,0.27377068251190695,0.33471688356212503,0.5060744714420953,0.22021566007943,0.0025361494824092112
close_loc,1,1,12676,0.0,0.10218978102189781,0.22728922135690902,0.5363512679568139,0.5218523193436415,0.17373419892443207,0.01831399738395545
close_loc,1,2,12675,0.10227272727272728,0.2,0.044182380223543344,0.466679111443824,0.5125049309664694,-0.009372642208933607,0.008966609006783366
close_loc,1,3,12676,0.2,0.3018867924528302,0.054171252611818335,0.3421845122963951,0.5065478068791417,0.0006162301793413844,0.0030094849194556295
close_loc,1,4,12675,0.3018867924528302,0.4117647058823529,0.09923884178960048,0.37543174650878086,0.5090335305719921,0.045683819357123526,0.005495208612306013
close_loc,1,5,12676,0.4117647058823529,0.524822695035461,0.08814654129144331,0.4184275756424771,0.5095455979804354,0.03459151885896636,0.0060072760207493525
close_loc,1,6,12675,0.524822695035461,0.6354515050167224,0.07429008400020415,0.0,0.49696252465483237,0.020735061567727198,-0.006575797304853692
close_loc,1,7,12675,0.6354679802955665,0.7368421052631579,0.015782863516002544,0.2639079489075158,0.502879684418146,-0.03777215891647441,-0.0006586375415400525
close_loc,1,8,12676,0.7368421052631579,0.8297872340425532,-0.052825867434176,0.0,0.4959766487851057,-0.10638088986665295,-0.007561673174580341
close_loc,1,9,12675,0.8297872340425532,0.9130434782608695,0.08616176936791328,0.0,0.4927810650887574,0.03260674693543633,-0.010757256870928655
close_loc,1,10,12676,0.9130434782608695,1.0,-0.10088276955952291,0.0,0.48729883243925526,-0.15443779199199986,-0.016239489520430805
upper_wick,1,1,12676,0.0,0.03508771929824561,-0.2138305321224175,0.0,0.49928999684443043,-0.26738555455489443,-0.004248325115255636
upper_wick,1,2,12675,0.03508771929824561,0.08108108108108109,-0.09020074641320532,0.16114477246365055,0.501301775147929,-0.14375576884568225,-0.002236546811757112
upper_wick,1,3,12676,0.08108108108108109,0.125,0.08203767112700384,0.3317961301585459,0.5056011360050489,0.028482648694526894,0.002062814045362793
upper_wick,1,4,12675,0.125,0.1746031746031746,-0.013797605442662215,0.0,0.49806706114398425,-0.06735262787513917,-0.005471260815701817
upper_wick,1,5,12676,0.1746031746031746,0.22746781115879827,0.10228421883632459,0.2718371755527915,0.5029977911012938,0.04872919640384764,-0.0005405308583922297
upper_wick,1,6,12675,0.2275449101796407,0.2857142857142857,0.032206706542104356,0.2581777812205033,0.5035108481262327,-0.021348315890372595,-2.7473833453361962e-05
upper_wick,1,7,12675,0.2857142857142857,0.35766423357664234,0.05545592575178423,0.4815795810264589,0.5145562130177515,0.0019009033193072775,0.011017891058065388
upper_wick,1,8,12676,0.35766423357664234,0.4444444444444444,0.11621894517173689,0.0,0.49834332597033765,0.06266392273925994,-0.0051949959893484166
upper_wick,1,9,12675,0.4444444444444444,0.5714285714285714,0.15828614891778203,0.33874191253779884,0.5069033530571992,0.10473112648530508,0.0033650310975131825
upper_wick,1,10,12676,0.5714285714285714,1.0,0.3068795657427807,0.3283644993878898,0.5048122436099716,0.25332454331030374,0.0012739216502855033
lower_wick,1,1,12676,0.0,0.037037037037037035,0.19053848918739716,0.12427034633777367,0.5001577784790154,0.1369834667549202,-0.003380543480670628
lower_wick,1,2,12675,0.037037037037037035,0.08695652173913043,0.3421693520629199,0.4163717366867381,0.5103747534516765,0.2886143296304429,0.0068364314919904245
lower_wick,1,3,12676,0.08695652173913043,0.13636363636363635,0.01584304564828643,0.0,0.4977911012937835,-0.03771197678419052,-0.005747220665902553
lower_wick,1,4,12675,0.13636363636363635,0.1875,-0.029119175537152132,0.13242752903375177,0.500276134122288,-0.08267419796962908,-0.0032621878373980673
lower_wick,1,5,12676,0.1875,0.24786324786324787,0.00888166016770329,0.1458338058446529,0.5004733354370464,-0.04467336226477366,-0.0030649865226396455
lower_wick,1,6,12675,0.24789915966386555,0.3076923076923077,-0.05048060501829555,0.28623769178004466,0.5034319526627219,-0.1040356274507725,-0.00010636929696417052
lower_wick,1,7,12675,0.3076923076923077,0.3770491803278688,-0.009093281613645253,0.2752318828602718,0.5042209072978304,-0.0626483040461222,0.0006825853381443592
lower_wick,1,8,12676,0.3770491803278688,0.4666666666666667,0.2441905944521311,0.47442831388133655,0.5140422846323761,0.19063557201965414,0.010503962672690048
lower_wick,1,9,12675,0.4666666666666667,0.5909090909090909,-0.01733252807513178,0.3231226573596757,0.504457593688363,-0.07088755050760873,0.0009192717286768959
lower_wick,1,10,12676,0.5909090909090909,1.0,-0.16004982232261689,0.11883033796844522,0.5001577784790154,-0.21360484475509384,-0.003380543480670628
body,2,1,12160,-0.016358537598670543,-0.0011512211166844833,-0.04627906022152115,0.6215465080716687,0.5116776315789474,-0.1430159883999347,-0.0004523026315789158
body,2,2,12160,-0.0011511851451068875,-0.0006142796389925814,-0.15415110028724996,0.6245621430778225,0.514391447368421,-0.2508880284656635,0.00226151315789469
body,2,3,12160,-0.0006142677649029736,-0.00032499187520311994,0.25157056632856784,0.9543426944558231,0.5296875,0.15483363815015427,0.01755756578947365
body,2,4,12160,-0.00032499187520311994,-0.0001357615251837629,0.2668705624862705,0.7345207313635971,0.5259046052631579,0.17013363430785694,0.013774671052631526
body,2,5,12160,-0.00013574507075711812,1.2842905578958184e-05,0.1468838599424222,0.4692118682214641,0.5121710526315789,0.05014693176400864,4.111842105258834e-05
body,2,6,12160,1.2867859946212345e-05,0.00018436578171091445,0.10422252455133667,0.325290545235557,0.5038651315789474,0.007485596372923106,-0.008264802631578916
body,2,7,12160,0.00018436578171091445,0.0003682871300388376,0.1606326957090633,0.3392938547863711,0.506578947368421,0.06389576753064974,-0.00555098684210531
body,2,8,12160,0.00036832914984175487,0.0006303580433686334,-0.022969433763009587,0.2507242775606766,0.5016447368421053,-0.11970636194142315,-0.010485197368421018
body,2,9,12160,0.0006304176516942475,0.001121746933891714,0.11469786539479668,0.0,0.4990953947368421,0.017960937216383116,-0.013034539473684215
body,2,10,12160,0.0011218705715635333,0.02270699290846757,0.1458908016434591,0.785846498519982,0.5162828947368421,0.049153873465045544,0.004152960526315752
range,2,1,12160,0.0,0.000503053011379406,0.09984366975719576,0.375586930755345,0.5087171052631579,0.003106741578782199,-0.003412828947368385
range,2,2,12160,0.0005030570389288754,0.000649438914983915,0.0731388496368749,0.29788520908069493,0.5047697368421052,-0.023598078541538656,-0.007360197368421084
range,2,3,12160,0.0006494410168390778,0.0008051529790660225,0.2249278650362616,0.47195461199134314,0.5145559210526316,0.12819093685784805,0.0024259868421052655
range,2,4,12160,0.0008051529790660225,0.0009673731422038519,0.1076056627806078,0.49652432969171656,0.5124177631578948,0.010868734602194244,0.00028782894736845144
range,2,5,12160,0.0009673731422038519,0.0011601426545782667,0.07458502742438872,0.4862572663943965,0.5123355263157895,-0.022151900754024845,0.00020559210526316374
range,2,6,12160,0.001160144571862032,0.001392757660167131,0.1865479436810405,0.541625415142466,0.5151315789473684,0.08981101550262693,0.0030016447368420573
range,2,7,12160,0.0013927797034012314,0.0017040457343887423,0.10791334808254013,0.6259691116328181,0.5129934210526316,0.011176419904126572,0.0008634868421052433
range,2,8,12160,0.0017040882339018886,0.002173258885285366,0.13551863373424966,0.5428754453540297,0.5129111842105263,0.0387817055558361,0.0007812499999999556
range,2,9,12160,0.002173258885285366,0.00303951367781155,-0.10473508895271563,0.9164677687345524,0.5167763157894737,-0.2014720171311292,0.004646381578947367
range,2,10,12160,0.003039658038470672,0.03288987435328899,0.062023370603691896,0.88865734926169,0.5106907894736842,-0.034713557574721665,-0.0014391447368421462
body_frac,2,1,12160,0.0,0.0967741935483871,0.19250786361611052,0.43179506812207613,0.5079769736842106,0.09577093543769696,-0.004152960526315752
body_frac,2,2,12160,0.0967741935483871,0.19047619047619047,0.3783430758935301,0.7685811781410479,0.523108552631579,0.28160614771511655,0.010978618421052633
body_frac,2,3,12160,0.19047619047619047,0.27941176470588236,0.16165182393504152,0.4856845335876603,0.5110197368421052,0.06491489575662795,-0.0011101973684211064
body_frac,2,4,12160,0.27941176470588236,0.36666666666666664,-0.07506543357268511,0.49557730685489965,0.5113486842105263,-0.17180236175109867,-0.0007812500000000666
body_frac,2,5,12160,0.36666666666666664,0.4482758620689655,-0.00830492194027231,0.5226470290620178,0.5154605263157894,-0.10504185011868587,0.003330592105263097
body_frac,2,6,12160,0.4482758620689655,0.5294117647058824,-0.057778608833160626,0.40421224857478677,0.5078125,-0.1545155370115742,-0.0043174342105263275
body_frac,2,7,12160,0.5294117647058824,0.6114285714285714,0.21123536134290327,0.5362221282378954,0.5174342105263158,0.11449843316448971,0.005304276315789447
body_frac,2,8,12160,0.6114942528735632,0.7,0.03655697721694292,0.43400894385370314,0.5075657894736842,-0.06017995096147064,-0.0045641447368420796
body_frac,2,9,12160,0.7,0.8,-0.2337594672014705,0.3589376785118059,0.5066611842105263,-0.33049639537988407,-0.005468750000000022
body_frac,2,10,12160,0.8,1.0,0.3619826113271956,0.512603712846671,0.5129111842105263,0.26524568314878205,0.0007812499999999556
close_loc,2,1,12160,0.0,0.10204081632653061,-0.0004392367600872629,0.4581032463613077,0.5094572368421053,-0.09717616493850083,-0.0026726973684210176
close_loc,2,2,12160,0.10204081632653061,0.2,0.01405613802245533,0.6633132222610971,0.5179276315789474,-0.08268079015595824,0.005797697368421062
close_loc,2,3,12160,0.2,0.30111524163568776,0.10814017150392612,0.5497083610017661,0.5193256578947368,0.011403243325512555,0.007195723684210509
close_loc,2,4,12160,0.30115830115830117,0.4117647058823529,0.07905614318609974,0.5421378244219177,0.5157072368421053,-0.01768078499231382,0.0035773026315789602
close_loc,2,5,12160,0.4117647058823529,0.5238095238095238,0.41146475282692235,0.5829073640917226,0.5178453947368421,0.3147278246485088,0.005715460526315774
close_loc,2,6,12160,0.5238095238095238,0.6349206349206349,0.19910066489684736,0.4906490506062511,0.5129934210526316,0.1023637367184338,0.0008634868421052433
close_loc,2,7,12160,0.635036496350365,0.7368421052631579,-0.03728895849734277,0.4897759935995616,0.5117598684210526,-0.13402588667575632,-0.00037006578947373914
close_loc,2,8,12160,0.7368421052631579,0.8295454545454546,0.08626123339062244,0.3621942864484584,0.5059210526315789,-0.010475694787791118,-0.0062088815789473895
close_loc,2,9,12160,0.8296703296703297,0.9130434782608695,0.1626817423344544,0.42337937189773633,0.5085526315789474,0.06594481415604084,-0.0035773026315789602
close_loc,2,10,12160,0.9130434782608695,1.0,-0.05566336911976218,0.2431311520267876,0.5018092105263158,-0.15240029729817572,-0.010320723684210553
upper_wick,2,1,12160,0.0,0.03496503496503497,-0.14941460990510336,0.457896424789217,0.5091282894736842,-0.24615153808351692,-0.0030016447368421684
upper_wick,2,2,12160,0.03496503496503497,0.08080808080808081,-0.1403451167580993,0.44671774696691813,0.5087993421052631,-0.23708204493651286,-0.003330592105263208
upper_wick,2,3,12160,0.08080808080808081,0.125,0.20600405958112764,0.49901863666268476,0.5125822368421052,0.10926713140271407,0.0004523026315789158
upper_wick,2,4,12160,0.125,0.17391304347826086,0.012178018477061407,0.46919720461779946,0.5116776315789474,-0.08455890970135216,-0.0004523026315789158
upper_wick,2,5,12160,0.17391304347826086,0.22727272727272727,0.1788151764486203,0.49875510228947206,0.5139802631578947,0.08207824827020674,0.0018503289473683626
upper_wick,2,6,12160,0.22727272727272727,0.2857142857142857,0.10300933951431464,0.5211420866124694,0.5151315789473684,0.006272411335901076,0.0030016447368420573
upper_wick,2,7,12160,0.2857142857142857,0.35714285714285715,0.07886956362228961,0.5388512256332412,0.5149671052631579,-0.01786736455612395,0.002837171052631593
upper_wick,2,8,12160,0.35714285714285715,0.4444444444444444,0.16933599131685798,0.49862209055007156,0.5125,0.07259906313844441,0.0003700657894736281
upper_wick,2,9,12160,0.4444444444444444,0.5714285714285714,0.24445787704217958,0.5182824124350116,0.5139802631578947,0.14772094886376602,0.0018503289473683626
upper_wick,2,10,12160,0.5714285714285714,1.0,0.2644589824448871,0.42802678105857694,0.5085526315789474,0.16772205426647352,-0.0035773026315789602
lower_wick,2,1,12160,0.0,0.037037037037037035,0.12519570743235794,0.34255964556972884,0.5058388157894737,0.028458779253944383,-0.006291118421052677
lower_wick,2,2,12160,0.037037037037037035,0.08695652173913043,0.38614533295781467,0.4697378560247767,0.5106907894736842,0.2894084047794011,-0.0014391447368421462
lower_wick,2,3,12160,0.08695652173913043,0.13636363636363635,-0.03582080919141196,0.46637089936352183,0.5104440789473684,-0.1325577373698255,-0.0016858552631578982
lower_wick,2,4,12160,0.13636363636363635,0.1875,-0.030034828139260755,0.437521897032056,0.5076480263157894,-0.12677175631767432,-0.004481907894736903
lower_wick,2,5,12160,0.1875,0.24742268041237114,0.22050808270315483,0.49338561670220216,0.5134868421052632,0.12377115452474127,0.0013569078947368585
lower_wick,2,6,12160,0.24742268041237114,0.3076923076923077,-0.0902712937414259,0.5145621090085761,0.5148848684210526,-0.18700822191983946,0.0027549342105263053
lower_wick,2,7,12160,0.3076923076923077,0.37719298245614036,0.1365176012539664,0.524604391815009,0.5172697368421053,0.03978067307555283,0.005139802631578982
lower_wick,2,8,12160,0.37719298245614036,0.4666666666666667,0.24876377165474867,0.671629725859102,0.5200657894736842,0.1520268434763351,0.007935855263157876
lower_wick,2,9,12160,0.4666666666666667,0.5909090909090909,0.11843380904806863,0.4883114856124582,0.5115131578947368,0.021696880869655072,-0.0006167763157894912
lower_wick,2,10,12160,0.5909090909090909,1.0,-0.11206809219387706,0.48227704542713745,0.5094572368421053,-0.20880502037229062,-0.0026726973684210176
body,4,1,11129,-0.016358537598670543,-0.0011610486891385767,-0.2085478910823528,0.9667907381438745,0.5124449636085902,-0.3879138119271195,-0.009273070356725643
body,4,2,11129,-0.0011608886074613476,-0.0006184929388722812,0.0419696938464021,1.0670081092611916,0.5243957228861533,-0.1373962269983646,0.0026776889208375287
body,4,3,11129,-0.0006184674376894057,-0.0003284287966368891,0.004201275733097083,1.0782058654390525,0.5305058855243059,-0.1751646451116696,0.00878785155899009
body,4,4,11129,-0.0003284287966368891,-0.000136332651670075,0.34340793537259334,1.0451505016728646,0.5323928475155001,0.16404201452782666,0.010674813550184292
body,4,5,11129,-0.00013632082486491844,1.5065913370998117e-05,0.05395836758547086,0.7398638650490952,0.5204420882379369,-0.1254075532592958,-0.00127594572737888
body,4,6,11129,1.5067275384592205e-05,0.00018827073331450627,0.29655351732656043,0.765052406090927,0.5223290502291311,0.11718759648179375,0.0006110162638153227
body,4,7,11129,0.000188274277968144,0.00037226122101680493,0.2851887019184906,0.5223295899714486,0.5137029382693863,0.10582278107372392,-0.008015095695929508
body,4,8,11129,0.0003722777191785072,0.0006363829206945665,0.09567981917871506,0.5896921806813893,0.5131638062719023,-0.08368610166605163,-0.008554227693413519
body,4,9,11129,0.0006364022061943148,0.0011330627716775509,0.4232161613186249,0.9026900162489859,0.521430496899991,0.2438502404738582,-0.0002875370653248055
body,4,10,11129,0.001133168254501196,0.02270699290846757,0.45803162725006574,1.649814985034137,0.5263725402102615,0.2786657064052991,0.0046545062449456776
range,4,1,11129,0.0,0.0005068937550689375,0.27860025404400385,0.8012178511340728,0.5304160301913918,0.09923433319923716,0.008697996226076032
range,4,2,11129,0.0005068974256852166,0.000656282814140707,0.0786021616698823,0.5896921806813893,0.5198131009075388,-0.10076375917488438,-0.0019049330577769474
range,4,3,11129,0.0006563025554780754,0.0008127721335268505,0.36505503837774805,0.9756097560975618,0.5291580555305957,0.18568911753298137,0.007440021565279897
range,4,4,11129,0.0008127749091604513,0.0009745774510622894,0.02616572857446648,0.5740857684144451,0.5159493215922365,-0.1532001922703002,-0.005768712373079299
range,4,5,11129,0.0009746060967025827,0.0011694041354382608,0.1717433512045264,0.8742787200555213,0.5196333902417108,-0.007622569640240273,-0.002084643723604951
range,4,6,11129,0.0011694343279093856,0.0014050767033675772,0.4718654086833587,1.0253956318151403,0.5223290502291311,0.29249948783859203,0.0006110162638153227
range,4,7,11129,0.0014050791007493755,0.0017193947730398899,0.17244698253304094,1.2075107166586996,0.5231377482253572,-0.006918938311725742,0.0014197142600413937
range,4,8,11129,0.0017194503637298847,0.0021908090344791614,0.29055837616212854,1.4144771738755502,0.5263725402102615,0.11119245531736185,0.0046545062449456776
range,4,9,11129,0.0021909133069997282,0.003057993955964887,0.010480182822130845,1.4789180235741384,0.521340641567077,-0.16888573802263585,-0.0003773923982387517
range,4,10,11129,0.003058014055103061,0.029112221368178325,-0.07185827562361938,0.943351728692754,0.5090304609578579,-0.25122419646838606,-0.01268757300745793
body_frac,4,1,11129,0.0,0.0975609756097561,0.11575491598537463,0.6778741865520743,0.5147812022643544,-0.06361100485939206,-0.006936831700961377
body_frac,4,2,11129,0.0975609756097561,0.19101123595505617,0.29600008766824926,1.0397171969223074,0.5248449995507234,0.11663416682348257,0.003126965585407593
body_frac,4,3,11129,0.19101123595505617,0.28,0.1555811349278745,0.8371002846141451,0.5190044029113128,-0.023784785916892176,-0.0027136310540030184
body_frac,4,4,11129,0.28,0.3670886075949367,0.1292191125058959,1.0376673238554623,0.5255638422140354,-0.05014680833887078,0.0038458082487196066
body_frac,4,5,11129,0.3670886075949367,0.4485981308411215,0.17830419169626435,0.9513842641051262,0.5240363015544972,-0.0010617291485023328,0.002318267589181411
body_frac,4,6,11129,0.4485981308411215,0.5299145299145299,0.00268275427967432,0.8919015340702607,0.5184652709138288,-0.17668316656509236,-0.0032527630514870287
body_frac,4,7,11129,0.53,0.6121794871794872,0.33636449659198503,1.0373443983402453,0.5247551442178093,0.15699857574721834,0.0030371102524935356
body_frac,4,8,11129,0.6122448979591837,0.7,0.32095475787179795,1.0578652279691347,0.5265522508760895,0.14158883702703126,0.004834216910773681
body_frac,4,9,11129,0.7,0.8,0.013818066665909788,0.9449116507598276,0.5206217989037649,-0.1655478541788569,-0.0010962350615508765
body_frac,4,10,11129,0.8,1.0,0.24497969025464134,0.8229098090839493,0.5185551262467427,0.06561376940987465,-0.0031629077185730825
close_loc,4,1,11129,0.0,0.10236220472440945,0.07326665164176736,1.0177599104377322,0.5231377482253572,-0.10609926920299932,0.0014197142600413937
close_loc,4,2,11129,0.10236220472440945,0.2,0.014819258744088766,0.8974646623283178,0.5168478749213766,-0.16454666210067792,-0.004870159043939171
close_loc,4,3,11129,0.2,0.3,0.1596291202002254,1.0085728693898233,0.5243957228861533,-0.01973680064454128,0.0026776889208375287
close_loc,4,4,11129,0.3,0.41025641025641024,0.024149054557213882,0.750187546887382,0.5179261389163446,-0.1552168662875528,-0.00379189504897115
close_loc,4,5,11129,0.41025641025641024,0.5238095238095238,0.18690792204465084,0.9485866059577575,0.5209812202354209,0.007542001199884157,-0.0007368137298948696
close_loc,4,6,11129,0.5238095238095238,0.6341463414634146,0.2852505992945399,0.8882177910018996,0.5203522329050229,0.1058846784497732,-0.0013658010602929371
close_loc,4,7,11129,0.6341463414634146,0.7368421052631579,0.20377870294487485,1.0489877268438086,0.5274508042052296,0.024412782100108166,0.005732770239913809
close_loc,4,8,11129,0.7368421052631579,0.8301282051282052,0.5113144717396946,1.0029587282489594,0.5203522329050229,0.3319485508949279,-0.0013658010602929371
close_loc,4,9,11129,0.8301282051282052,0.9130434782608695,0.22634621913246575,1.0228086325048125,0.5262826848773474,0.04698029828769906,0.00456465091203162
close_loc,4,10,11129,0.9130434782608695,1.0,0.10819720814814558,0.7742335088267716,0.5194536795758828,-0.0711687126966211,-0.0022643543894329543
upper_wick,4,1,11129,0.0,0.03508771929824561,-0.19585903881512468,0.9560229445515489,0.520891364902507,-0.37522495965989133,-0.0008266690628088158
upper_wick,4,2,11129,0.03508771929824561,0.08108108108108109,-0.3031570236367408,0.8613794376421957,0.5189145475783988,-0.48252294448150745,-0.0028034863869169646
upper_wick,4,3,11129,0.08108108108108109,0.125,0.27103801138880845,0.7726781023031926,0.5181957049150867,0.09167209054404177,-0.0035223290502290894
upper_wick,4,4,11129,0.125,0.17391304347826086,0.2541852857006587,1.129783928823791,0.531134872854704,0.074819364855892,0.009416838889388157
upper_wick,4,5,11129,0.17391304347826086,0.22727272727272727,0.375200435902744,1.052576180200493,0.5253841315482074,0.1958345150579773,0.003666097582891603
upper_wick,4,6,11129,0.22727272727272727,0.2857142857142857,0.290495363644227,1.0216591745004777,0.5219696288974751,0.11112944279946033,0.00025159493215931583
upper_wick,4,7,11129,0.2857142857142857,0.35714285714285715,0.15255983016863806,1.0456969570227237,0.5274508042052296,-0.02680609067612863,0.005732770239913809
upper_wick,4,8,11129,0.35714285714285715,0.4444444444444444,0.4263488163498259,0.9754670048289782,0.5225986162278731,0.24698289550505922,0.0008805822625572723
upper_wick,4,9,11129,0.4444444444444444,0.5714285714285714,0.05499307785686099,0.68982168109466,0.5160391769251506,-0.12437284298790569,-0.005678857040165242
upper_wick,4,10,11129,0.5714285714285714,1.0,0.46785444988776953,0.553250345780576,0.5146014915985264,0.2884885290430028,-0.00711654236678938
lower_wick,4,1,11129,0.0,0.037037037037037035,0.27631031245970866,0.8319329129302666,0.5168478749213766,0.09694439161494198,-0.004870159043939171
lower_wick,4,2,11129,0.037037037037037035,0.08695652173913043,0.6110721530598743,1.0448774881144374,0.5274508042052296,0.4317062322151076,0.005732770239913809
lower_wick,4,3,11129,0.08695652173913043,0.13636363636363635,0.2040382885563862,0.8123806815873991,0.5178362835834307,0.024672367711619514,-0.0038817503818850962
lower_wick,4,4,11129,0.13636363636363635,0.1875,0.22153116580251192,0.978707670893364,0.521520352232905,0.042165244957745235,-0.00019768173241074827
lower_wick,4,5,11129,0.1875,0.24561403508771928,0.08013535922747055,0.7518514341575688,0.5182855602480008,-0.09923056161729614,-0.003432473717315032
lower_wick,4,6,11129,0.24561403508771928,0.30612244897959184,-0.02248900900244062,0.9285374374679023,0.5208015095695929,-0.20185492984720732,-0.000916524395722873
lower_wick,4,7,11129,0.30612244897959184,0.375,0.17891956151310345,0.8335973058137824,0.5168478749213766,-0.00044635933166323194,-0.004870159043939171
lower_wick,4,8,11129,0.375,0.4666666666666667,0.3357446309960236,1.0474494605627882,0.5260131188786055,0.1563787101512569,0.004295084913289671
lower_wick,4,9,11129,0.4666666666666667,0.5909090909090909,0.13922341001008384,1.0678626728610752,0.5299667535268218,-0.04014251083468284,0.008248719561505968
lower_wick,4,10,11129,0.5909090909090909,1.0,-0.23082666417505485,1.0147133434812439,0.521610207565819,-0.41019258501982153,-0.00010782639949680206
body,8,1,9068,-0.01500525183814335,-0.0012002296091426186,-0.6925674616766411,0.9737749949789709,0.5087119541243935,-0.9615515204567902,-0.022858228183069706
body,8,2,9067,-0.0012002000333388898,-0.0006353240152477764,0.36410723687450147,2.072216753872258,0.5407521782287416,0.09512317809435233,0.00918199592127833
body,8,3,9067,-0.0006352951853700595,-0.00034094783498124785,-0.25550441378839234,1.5186028853464428,0.5329215837653027,-0.5244884725685415,0.0013514014578395184
body,8,4,9067,-0.0003408832664192107,-0.0001443876519680037,0.2552650508537659,1.5281952014678524,0.5345759347082828,-0.013719007926383253,0.0030057524008195724
body,8,5,9067,-0.00014437653400067375,0.0,0.40186788298843307,1.1458253762119952,0.5301643321936693,0.13288382420828393,-0.001405850113793905
body,8,6,9067,0.0,0.00019378137937109134,0.5860713101619582,1.4530237424081882,0.5381052167199736,0.3170872513818091,0.006535034412510354
body,8,7,9067,0.0001937984496124031,0.0003856324371970031,0.4387646406229253,1.1853678196338535,0.5292820116907466,0.16978058184277617,-0.0022881706167166005
body,8,8,9067,0.0003856430598022202,0.0006602403274792025,0.43545043407497125,1.3125082031772983,0.5282894011249586,0.1664663752948221,-0.003280781182504633
body,8,9,9067,0.0006602649672020555,0.0011735691810528105,0.8164902123072648,2.26918167635759,0.5406418881658762,0.5475061535271157,0.009071705858412993
body,8,10,9067,0.001173646305681515,0.02270699290846757,0.340001744960344,2.460993256878652,0.5322598433881107,0.07101768618019488,0.0006896610806474968
range,8,1,9068,0.0,0.0005217572785140353,0.5350970251340947,1.1600022296476276,0.5421261579179533,0.2661129663539456,0.010555975610490043
range,8,2,9067,0.0005217845030002609,0.0006766689222297408,0.12705870727942944,1.0793308148948633,0.5292820116907466,-0.1419253515007197,-0.0022881706167166005
range,8,3,9067,0.0006766956431211286,0.0008392903655254247,0.5705803367929342,1.5416238437815366,0.5430682695489136,0.30159627801278505,0.011498087241450405
range,8,4,9067,0.0008392972586736835,0.0010088878212827289,0.19056960619995658,1.421423697975932,0.5346862247711481,-0.07841445258019256,0.0031160424636849093
range,8,5,9067,0.0010089290218433134,0.0012078581832391914,0.4234273195302576,1.5257081828812247,0.5322598433881107,0.15444326075010845,0.0006896610806474968
range,8,6,9067,0.0012078830260648442,0.0014534342041516045,0.4220487546319427,1.7788319003853026,0.5339141943310908,0.15306469585179355,0.002344012023627551
range,8,7,9067,0.0014534438970655733,0.0017802041300735818,0.45884988540771376,1.9447685725393349,0.5311569427594574,0.18986582662756463,-0.0004132395480058726
range,8,8,9067,0.0017802233371095647,0.0022630244278239657,0.28946078577447126,2.0413221935466908,0.5299437520679386,0.020476726994322125,-0.0016264302395245789
range,8,9,9067,0.0022630508994668404,0.0031537718093494075,0.29788913097747466,2.7017443136734265,0.5299437520679386,0.02890507219732552,-0.0016264302395245789
range,8,10,9067,0.0031541871834860776,0.029112221368178325,-0.6251703135425722,1.4191778229810659,0.5093195103121209,-0.8941543723227214,-0.022250671995342364
body_frac,8,1,9068,0.0,0.09803921568627451,0.4683645443202692,1.3860303098356397,0.5295544772827525,0.19938048554012006,-0.0020157050247107122
body_frac,8,2,9067,0.09803921568627451,0.19230769230769232,0.44773080676156274,1.6668889185234015,0.5319289731995147,0.1787467479814136,0.00035879089205148595
body_frac,8,3,9067,0.19230769230769232,0.2808988764044944,0.08635299581193208,1.3807386952024991,0.5255321495533253,-0.18263106296821707,-0.006038032754137945
body_frac,8,4,9067,0.2808988764044944,0.3684210526315789,0.03862592420120622,1.5169135864900873,0.5309363626337267,-0.2303581345789429,-0.0006338196737365465
body_frac,8,5,9067,0.3684210526315789,0.45,0.35267869044130035,1.6032835246582167,0.5367817359655895,0.08369463166115121,0.005211553658126311
body_frac,8,6,9067,0.45,0.5319148936170213,-0.2465046735443359,1.063151180098476,0.5214514172273078,-0.515488732324485,-0.010118765080155412
body_frac,8,7,9067,0.5319148936170213,0.6136363636363636,0.7139612998178256,1.8402649981608121,0.5382155067828389,0.4449772410376765,0.006645324475375691
body_frac,8,8,9067,0.6136363636363636,0.7,0.42040546037214777,1.9868865487771004,0.5389875372228962,0.15142140159199863,0.007417354915432939
body_frac,8,9,9067,0.7,0.8,0.06591478198709677,2.016698261606553,0.5405315981030109,-0.20306927679305237,0.008961415795547656
body_frac,8,10,9067,0.8,1.0,0.34228876794620183,1.1163361846411313,0.5217822874159038,0.0733047091660527,-0.009787894891559401
close_loc,8,1,9068,0.0,0.1,0.2765367971926459,1.190572482180352,0.5242611380679312,0.007552738412496762,-0.007309044239532048
close_loc,8,2,9067,0.1,0.2,-0.062463117386615294,1.7499037552926033,0.5306054924451307,-0.33144717616676445,-0.0009646898623325573
close_loc,8,3,9067,0.2,0.3,-0.4571591117621921,1.0783269756964309,0.5238777986103452,-0.7261431705423412,-0.007692383697117999
close_loc,8,4,9067,0.3,0.4085106382978723,-0.14011474767799417,1.5553712152627241,0.5278482408734972,-0.40909880645814334,-0.0037219414339659807
close_loc,8,5,9067,0.4085106382978723,0.5238095238095238,0.2825961621965576,1.4258555133084272,0.529392301753612,0.01361210341640845,-0.0021778805538512636
close_loc,8,6,9067,0.5238095238095238,0.6341463414634146,0.345315908436974,1.4910604150575324,0.5332524539538988,0.07633184965682488,0.0016822716464355292
close_loc,8,7,9067,0.6341463414634146,0.7372881355932204,0.47800631899681184,2.032382629904017,0.5403110179772802,0.2090222602166627,0.008740835669816982
close_loc,8,8,9067,0.7372881355932204,0.8333333333333334,0.6212377604997034,1.4775195401961483,0.5312672328223227,0.3522537017195542,-0.00030294948514053566
close_loc,8,9,9067,0.8333333333333334,0.9144736842105263,0.7455506912138782,1.9338619222586395,0.5409727583544722,0.47656663243372904,0.009402576047009004
close_loc,8,10,9067,0.9144914491449145,1.0,0.6003330930997279,1.7340038148083714,0.5339141943310908,0.3313490343195788,0.002344012023627551
upper_wick,8,1,9068,0.0,0.03496503496503497,0.05709381902863722,1.2710499473522763,0.5241508601676224,-0.21189023975151192,-0.007419322139840867
upper_wick,8,2,9067,0.03496503496503497,0.08,-0.34416246889575397,1.4335889900363163,0.5272967905591707,-0.6131465276759032,-0.004273391748292554
upper_wick,8,3,9067,0.08,0.125,0.04139762776602504,1.551349674215885,0.5309363626337267,-0.2275864310141241,-0.0006338196737365465
upper_wick,8,4,9067,0.125,0.17391304347826086,0.903347903807071,2.003434459072473,0.5407521782287416,0.6343638450269218,0.00918199592127833
upper_wick,8,5,9067,0.17391304347826086,0.22727272727272727,0.5545662402407465,2.0018517128339575,0.542847689423183,0.2855821814605974,0.011277507115719732
upper_wick,8,6,9067,0.22727272727272727,0.2857142857142857,0.19956582580159593,1.5120967741943936,0.5323701334509761,-0.06941823297855321,0.0007999511435128337
upper_wick,8,7,9067,0.2857142857142857,0.35714285714285715,0.2133160668962182,1.9078872057076701,0.5361199955883975,-0.05566799188393093,0.0045498132809342895
upper_wick,8,8,9067,0.35714285714285715,0.4444444444444444,0.4043965536012962,1.404494382022392,0.529723171942208,0.1354124948211471,-0.0018470103652552528
upper_wick,8,9,9067,0.4444444444444444,0.5714285714285714,0.30750840287361253,1.4123096912688204,0.5281791110620933,0.03852434409346339,-0.00339107124536997
upper_wick,8,10,9067,0.5714285714285714,1.0,0.3528339860699054,1.3440860215063744,0.5233263482960185,0.08384992728975627,-0.008243834011444684
lower_wick,8,1,9068,0.0,0.037037037037037035,0.39667311923214793,1.2975900917733263,0.5266872518747243,0.1276890604519988,-0.004882930432738908
lower_wick,8,2,9067,0.037037037037037035,0.08695652173913043,0.8520883416393376,1.6322089227416292,0.5318186831366494,0.5831042828591884,0.000248500829186149
lower_wick,8,3,9067,0.08695652173913043,0.13636363636363635,0.2249984642323535,2.042692268409141,0.5358994154626668,-0.04398559454779563,0.004329233155203616
lower_wick,8,4,9067,0.13636363636363635,0.1875,0.5832814033866902,1.7988846914906986,0.5353479651483402,0.3142973446065411,0.003777782840876931
lower_wick,8,5,9067,0.1875,0.24390243902439024,-0.05348829661193148,1.4393148861135963,0.5299437520679386,-0.32247235539208063,-0.0016264302395245789
lower_wick,8,6,9067,0.24390243902439024,0.30434782608695654,-0.4743344977006021,1.061683830554383,0.5245395389875372,-0.7433185564807512,-0.007030643319925978
lower_wick,8,7,9067,0.30434782608695654,0.375,0.7093186759740712,1.6039521380672994,0.5322598433881107,0.44033461719392203,0.0006896610806474968
lower_wick,8,8,9067,0.375,0.4666666666666667,-0.35860583080362896,1.652455548946108,0.5331421638910334,-0.6275898895837781,0.0015719815835701922
lower_wick,8,9,9067,0.4666666666666667,0.5909090909090909,0.49777114041599557,1.619170984454854,0.5355685452740708,0.22878708163584643,0.003998362966607605
lower_wick,8,10,9067,0.5909090909090909,1.0,0.31212398520255347,1.3866356060288076,0.5304952023822653,0.04313992642240433,-0.0010749799251978942
