slice,year,month,trading_days,volume,pct_of_all,mean_vol,hv,vol_range,avg_range
2005-01,2005,1,14,4934992,0.2571,0.28,5.39,0.499,0.518
2005-02,2005,2,19,6146733,0.3202,0.236,4.78,0.587,0.492
2005-03,2005,3,22,6925224,0.3608,0.195,3.83,0.429,0.494
2005-04,2005,4,21,7255557,0.378,0.286,5.51,0.753,0.552
2005-05,2005,5,21,5732308,0.2986,0.168,2.52,0.442,0.406
2005-06,2005,6,22,5826768,0.3035,0.182,3.45,0.506,0.458
2005-07,2005,7,20,4894941,0.255,0.195,3.56,0.875,0.434
2005-08,2005,8,23,5163337,0.269,0.158,3.26,0.51,0.417
2005-09,2005,9,21,5216835,0.2718,0.175,3.65,0.445,0.395
2005-10,2005,10,21,6581566,0.3429,0.295,5.68,0.8,0.52
2005-11,2005,11,21,5285526,0.2753,0.165,3.38,0.532,0.387
2005-12,2005,12,21,4502762,0.2346,0.193,4.12,0.556,0.419
2006-01,2006,1,20,6626257,0.3452,0.281,6.18,0.952,0.539
2006-02,2006,2,19,5794119,0.3018,0.285,5.23,0.438,0.532
2006-03,2006,3,23,7030656,0.3662,0.242,5.36,0.634,0.516
2006-04,2006,4,19,5457341,0.2843,0.217,4.34,0.633,0.481
2006-05,2006,5,22,7379807,0.3844,0.318,5.92,0.797,0.555
2006-06,2006,6,22,7511487,0.3913,0.374,7.63,0.798,0.701
2006-07,2006,7,20,6740169,0.3511,0.29,5.89,0.598,0.627
2006-08,2006,8,23,6309661,0.3287,0.22,5.03,0.675,0.57
2006-09,2006,9,20,6441045,0.3355,0.235,4.76,0.658,0.499
2006-10,2006,10,22,6766131,0.3525,0.232,4.87,0.762,0.515
2006-11,2006,11,21,6320039,0.3292,0.229,4.87,0.701,0.496
2006-12,2006,12,20,5026121,0.2618,0.224,4.25,0.572,0.508
2007-01,2007,1,21,7119950,0.3709,0.295,5.73,1.13,0.579
2007-02,2007,2,20,6680859,0.348,0.27,7.68,1.834,0.514
2007-03,2007,3,22,7983570,0.4159,0.286,5.86,0.896,0.594
2007-04,2007,4,21,4974818,0.2592,0.191,3.94,0.394,0.395
2007-05,2007,5,22,7063869,0.368,0.244,4.55,0.702,0.475
2007-06,2007,6,21,7604713,0.3961,0.256,5.37,0.663,0.505
2007-07,2007,7,21,8120222,0.423,0.312,6.52,1.145,0.585
2007-08,2007,8,23,10551899,0.5497,0.51,9.31,1.288,0.864
2007-09,2007,9,19,6184610,0.3222,0.289,6.2,0.931,0.586
2007-10,2007,10,23,8914908,0.4644,0.359,7.27,1.119,0.727
2007-11,2007,11,21,11136694,0.5801,0.646,12.56,1.398,1.126
2007-12,2007,12,20,6031399,0.3142,0.415,8.15,0.955,0.731
2008-01,2008,1,21,11596482,0.6041,0.564,10.78,1.898,1.309
2008-02,2008,2,20,8062613,0.42,0.374,7.21,0.912,0.95
2008-03,2008,3,20,8798276,0.4583,0.6,12.44,1.239,1.115
2008-04,2008,4,22,6974680,0.3633,0.373,8.72,1.303,0.84
2008-05,2008,5,22,7033125,0.3664,0.361,7.71,1.048,0.722
2008-06,2008,6,21,9125531,0.4754,0.54,10.76,1.006,0.972
2008-07,2008,7,23,10147038,0.5286,0.389,7.87,1.214,1.011
2008-08,2008,8,21,7597223,0.3958,0.382,7.85,0.83,0.834
2008-09,2008,9,21,10552984,0.5497,0.852,19.07,3.747,1.531
2008-10,2008,10,23,12282000,0.6398,1.363,27.8,2.85,2.511
2008-11,2008,11,19,7296261,0.3801,1.083,20.09,2.573,1.732
2008-12,2008,12,23,5955606,0.3102,0.527,11.68,2.447,1.159
2009-01,2009,1,20,5702041,0.297,0.529,10.24,1.639,1.112
2009-02,2009,2,19,6783740,0.3534,0.454,9.16,1.086,1.06
2009-03,2009,3,22,8105361,0.4222,0.598,11.37,1.195,1.09
2009-04,2009,4,21,6381613,0.3324,0.428,8.29,0.954,0.9
2009-05,2009,5,20,6236963,0.3249,0.358,7.9,1.157,0.891
2009-06,2009,6,22,6119490,0.3188,0.273,5.88,0.778,0.713
2009-07,2009,7,22,6238277,0.325,0.29,6.45,0.745,0.644
2009-08,2009,8,21,5943514,0.3096,0.313,6.39,0.716,0.695
2009-09,2009,9,21,6179810,0.3219,0.257,5.26,0.965,0.62
2009-10,2009,10,22,7043481,0.3669,0.348,7.32,1.072,0.671
2009-11,2009,11,20,5676433,0.2957,0.313,6.08,1.303,0.643
2009-12,2009,12,22,4980280,0.2594,0.266,4.67,0.674,0.51
2010-01,2010,1,19,6702513,0.3492,0.363,7.07,1.0,0.72
2010-02,2010,2,19,6170647,0.3214,0.292,6.0,0.984,0.632
2010-03,2010,3,23,5847476,0.3046,0.197,3.31,0.485,0.429
2010-04,2010,4,21,5926089,0.3087,0.276,6.04,0.771,0.563
2010-05,2010,5,20,8659018,0.4511,0.682,13.88,4.079,1.425
2010-06,2010,6,22,7370864,0.384,0.482,10.26,1.546,0.946
2010-07,2010,7,21,6902737,0.3596,0.368,7.51,0.976,0.849
2010-08,2010,8,22,6607964,0.3442,0.33,6.84,0.898,0.728
2010-09,2010,9,21,6627552,0.3452,0.308,5.64,0.887,0.646
2010-10,2010,10,21,6244859,0.3253,0.251,5.05,0.704,0.641
2010-11,2010,11,21,6054988,0.3154,0.318,6.92,0.804,0.666
2010-12,2010,12,22,3837966,0.1999,0.173,3.97,1.091,0.436
2011-01,2011,1,20,4982701,0.2596,0.305,6.45,1.176,0.621
2011-02,2011,2,19,4758968,0.2479,0.262,7.01,1.271,0.567
2011-03,2011,3,23,7239220,0.3771,0.418,8.08,1.267,0.829
2011-04,2011,4,20,4908808,0.2557,0.231,4.82,0.948,0.563
2011-05,2011,5,21,5938726,0.3094,0.305,6.05,0.578,0.628
2011-06,2011,6,22,6089175,0.3172,0.419,8.33,0.949,0.727
2011-07,2011,7,20,5268787,0.2745,0.385,8.21,0.9,0.781
2011-08,2011,8,23,8870184,0.4621,0.924,19.39,3.038,1.638
2011-09,2011,9,21,7221847,0.3762,0.611,11.45,1.351,1.303
2011-10,2011,10,21,6812541,0.3549,0.706,12.9,1.367,1.18
2011-11,2011,11,21,5804709,0.3024,0.642,13.03,1.222,1.101
2011-12,2011,12,21,3893077,0.2028,0.381,7.55,1.147,0.828
2012-01,2012,1,20,3622979,0.1887,0.212,3.65,0.476,0.537
2012-02,2012,2,20,4272002,0.2225,0.26,4.49,0.724,0.532
2012-03,2012,3,22,5199152,0.2708,0.253,5.44,0.605,0.542
2012-04,2012,4,21,5653930,0.2945,0.432,8.53,0.859,0.79
2012-05,2012,5,22,6425137,0.3347,0.385,8.38,0.966,0.857
2012-06,2012,6,21,5285065,0.2753,0.591,11.37,1.272,0.892
2012-07,2012,7,21,4852082,0.2528,0.41,8.29,0.942,0.786
2012-08,2012,8,23,4445605,0.2316,0.223,4.6,0.874,0.528
2012-09,2012,9,20,4235081,0.2206,0.309,6.81,0.876,0.562
2012-10,2012,10,23,5577603,0.2906,0.313,6.58,0.938,0.676
2012-11,2012,11,21,5842629,0.3044,0.398,8.32,1.202,0.762
2012-12,2012,12,20,4688350,0.2442,0.395,7.88,1.224,0.75
2013-01,2013,1,21,4419673,0.2302,0.267,6.47,0.777,0.5
2013-02,2013,2,19,4350567,0.2266,0.344,6.96,1.01,0.615
2013-03,2013,3,21,4338312,0.226,0.175,3.52,0.852,0.485
2013-04,2013,4,22,5224810,0.2722,0.44,8.49,1.126,0.73
2013-05,2013,5,22,4539251,0.2365,0.219,4.45,0.873,0.567
2013-06,2013,6,20,5583639,0.2909,0.409,8.02,0.914,0.796
2013-07,2013,7,22,4221402,0.2199,0.244,4.72,0.664,0.521
2013-08,2013,8,22,4679452,0.2438,0.288,6.31,0.998,0.585
2013-09,2013,9,20,4482377,0.2335,0.231,4.62,0.715,0.54
2013-10,2013,10,23,6073438,0.3164,0.381,7.26,0.932,0.679
2013-11,2013,11,20,4273900,0.2226,0.278,5.71,0.905,0.538
2013-12,2013,12,21,4174276,0.2174,0.246,5.15,1.277,0.493
2014-01,2014,1,21,5637514,0.2937,0.381,7.81,1.219,0.744
2014-02,2014,2,19,5220912,0.272,0.369,7.66,1.278,0.698
2014-03,2014,3,21,6491053,0.3381,0.384,7.19,1.002,0.794
2014-04,2014,4,21,7764368,0.4045,0.56,11.2,1.678,0.994
2014-05,2014,5,21,5523271,0.2877,0.302,5.94,0.742,0.644
2014-06,2014,6,21,4396152,0.229,0.147,3.03,0.593,0.456
2014-07,2014,7,22,5297117,0.2759,0.337,7.13,1.09,0.597
2014-08,2014,8,21,4756416,0.2478,0.212,3.68,0.686,0.499
2014-09,2014,9,21,6157721,0.3208,0.33,6.88,1.005,0.667
2014-10,2014,10,23,10098897,0.5261,0.658,12.75,1.505,1.15
2014-11,2014,11,19,4001590,0.2085,0.211,3.14,0.311,0.511
2014-12,2014,12,22,5932855,0.3091,0.429,9.39,1.38,0.806
2015-01,2015,1,20,6832557,0.3559,0.582,11.09,1.29,1.177
2015-02,2015,2,19,3982918,0.2075,0.33,5.39,1.164,0.632
2015-03,2015,3,22,5199795,0.2709,0.408,8.57,1.299,0.724
2015-04,2015,4,22,4615552,0.2404,0.399,8.14,0.863,0.75
2015-05,2015,5,20,3878048,0.202,0.363,7.73,0.849,0.732
2015-06,2015,6,22,4763253,0.2481,0.373,7.99,0.914,0.692
2015-07,2015,7,22,5098591,0.2656,0.421,8.51,1.188,0.86
2015-08,2015,8,21,7403507,0.3857,0.838,18.89,3.638,1.44
2015-09,2015,9,21,6420766,0.3345,0.668,13.45,1.602,1.373
2015-10,2015,10,22,5775819,0.3009,0.483,9.42,1.799,0.907
2015-11,2015,11,20,4423547,0.2304,0.35,7.82,1.132,0.775
2015-12,2015,12,22,5290854,0.2756,0.626,12.04,1.597,1.021
2016-01,2016,1,19,8219688,0.4282,0.854,17.12,1.868,1.81
2016-02,2016,2,20,6808865,0.3547,0.646,13.08,1.684,1.424
2016-03,2016,3,22,4890245,0.2547,0.339,8.28,1.708,0.817
2016-04,2016,4,21,5005508,0.2607,0.392,7.55,0.877,0.863
2016-05,2016,5,21,4807424,0.2504,0.403,7.74,1.121,0.774
2016-06,2016,6,22,5303871,0.2763,0.534,13.26,3.201,0.893
2016-07,2016,7,20,3856103,0.2009,0.297,4.82,0.803,0.607
2016-08,2016,8,23,4050048,0.211,0.164,3.38,0.75,0.462
2016-09,2016,9,21,5556572,0.2895,0.44,9.73,1.493,0.769
2016-10,2016,10,21,4708695,0.2453,0.235,5.36,0.888,0.623
2016-11,2016,11,21,5385003,0.2805,0.475,9.54,3.193,0.999
2016-12,2016,12,21,3713870,0.1935,0.327,7.03,1.085,0.688
2017-01,2017,1,20,3621653,0.1887,0.257,4.4,0.52,0.508
2017-02,2017,2,19,3393613,0.1768,0.217,3.25,0.373,0.423
2017-03,2017,3,23,4978371,0.2593,0.217,4.89,1.101,0.508
2017-04,2017,4,19,4373600,0.2278,0.243,5.16,0.552,0.557
2017-05,2017,5,22,5117422,0.2666,0.296,7.26,1.508,0.507
2017-06,2017,6,22,7680018,0.4001,0.503,10.68,2.505,0.949
2017-07,2017,7,20,5519190,0.2875,0.348,6.63,1.347,0.728
2017-08,2017,8,23,7457583,0.3885,0.398,9.25,1.341,0.8
2017-09,2017,9,20,5806805,0.3025,0.296,6.03,0.944,0.626
2017-10,2017,10,22,5488235,0.2859,0.231,5.83,1.365,0.52
2017-11,2017,11,21,6320415,0.3292,0.299,6.96,1.345,0.633
2017-12,2017,12,20,5482528,0.2856,0.281,6.15,1.162,0.707
2018-01,2018,1,21,6986062,0.3639,0.423,7.28,0.93,0.781
2018-02,2018,2,19,10357147,0.5395,1.105,22.65,3.509,1.943
2018-03,2018,3,21,10765359,0.5608,0.856,17.49,3.244,1.571
2018-04,2018,4,21,10186845,0.5307,0.849,16.57,2.262,1.577
2018-05,2018,5,22,7499814,0.3907,0.398,7.7,1.307,0.94
2018-06,2018,6,21,7288038,0.3797,0.47,9.78,1.771,0.993
2018-07,2018,7,21,7416473,0.3863,0.597,11.45,1.525,1.049
2018-08,2018,8,23,7429543,0.387,0.323,6.54,1.435,0.736
2018-09,2018,9,19,8075677,0.4207,0.426,8.7,0.856,0.972
2018-10,2018,10,23,16641451,0.8669,1.015,22.47,3.66,2.045
2018-11,2018,11,21,12919063,0.673,0.987,19.61,2.176,1.73
2018-12,2018,12,19,12462376,0.6492,1.199,26.23,4.306,2.333
2019-01,2019,1,21,10832444,0.5643,0.887,18.27,2.846,1.441
2019-02,2019,2,19,7657275,0.3989,0.323,7.14,0.829,0.879
2019-03,2019,3,21,9271577,0.483,0.501,10.49,1.35,0.994
2019-04,2019,4,21,8155962,0.4249,0.333,6.03,0.674,0.678
2019-05,2019,5,22,12951846,0.6747,0.771,15.1,1.797,1.37
2019-06,2019,6,20,8213413,0.4279,0.629,12.39,1.446,1.124
2019-07,2019,7,22,7801205,0.4064,0.493,8.68,1.573,0.931
2019-08,2019,8,22,13640470,0.7106,1.02,20.51,2.457,1.836
2019-09,2019,9,20,8279987,0.4313,0.498,10.08,1.39,1.099
2019-10,2019,10,23,9501648,0.495,0.624,11.63,1.544,1.151
2019-11,2019,11,20,6655581,0.3467,0.264,5.14,0.591,0.644
2019-12,2019,12,21,6714380,0.3498,0.367,6.99,1.369,0.749
2020-01,2020,1,21,12184128,0.6347,0.633,13.14,2.008,1.121
2020-02,2020,2,19,15540642,0.8096,1.001,23.51,4.287,1.861
2020-03,2020,3,22,15353529,0.7998,3.196,62.76,7.942,5.521
2020-04,2020,4,21,9050932,0.4715,1.492,29.65,3.809,2.683
2020-05,2020,5,20,9142724,0.4763,0.834,16.55,1.644,1.88
2020-06,2020,6,22,9361891,0.4877,0.925,19.45,3.431,1.907
2020-07,2020,7,22,12204377,0.6358,0.994,18.07,2.613,1.969
2020-08,2020,8,21,9456616,0.4926,0.773,13.34,1.642,1.351
2020-09,2020,9,21,12987766,0.6766,1.495,28.4,4.206,2.755
2020-10,2020,10,22,13393961,0.6977,1.119,22.7,2.648,1.878
2020-11,2020,11,20,10267092,0.5348,0.909,19.04,3.529,1.791
2020-12,2020,12,22,7670916,0.3996,0.433,9.19,1.852,1.048
2021-01,2021,1,19,10174343,0.53,0.965,18.99,3.767,1.802
2021-02,2021,2,19,10772215,0.5612,0.766,17.72,3.173,1.75
2021-03,2021,3,23,13052666,0.6799,1.24,24.54,2.245,2.188
2021-04,2021,4,21,10080946,0.5251,0.699,12.9,1.288,1.164
2021-05,2021,5,20,10546259,0.5494,0.786,16.97,2.314,1.58
2021-06,2021,6,22,9101959,0.4741,0.492,9.51,1.704,1.027
2021-07,2021,7,21,10566920,0.5505,0.485,9.22,1.475,1.101
2021-08,2021,8,22,10457685,0.5448,0.446,8.63,1.269,0.914
2021-09,2021,9,21,11737761,0.6115,0.518,12.15,2.416,1.207
2021-10,2021,10,21,11162965,0.5815,0.672,11.66,2.004,1.317
2021-11,2021,11,21,11796230,0.6145,0.673,13.63,1.707,1.247
2021-12,2021,12,22,12310455,0.6413,1.053,20.07,2.759,1.814
2022-01,2022,1,20,16649741,0.8673,1.273,24.56,3.924,2.702
2022-02,2022,2,19,14010707,0.7299,1.406,27.68,4.038,2.683
2022-03,2022,3,23,13181769,0.6867,1.458,26.88,2.411,2.444
2022-04,2022,4,20,12872576,0.6706,1.531,28.29,3.596,2.533
2022-05,2022,5,21,15696746,0.8177,1.731,34.59,4.006,3.063
2022-06,2022,6,21,12743567,0.6638,1.538,30.14,3.768,2.658
2022-07,2022,7,20,12241361,0.6377,1.155,21.45,1.832,2.217
2022-08,2022,8,23,14209504,0.7402,0.962,20.78,3.275,1.82
2022-09,2022,9,21,15008024,0.7818,1.183,23.77,4.923,2.385
2022-10,2022,10,21,15925803,0.8296,1.406,27.0,3.489,2.732
2022-11,2022,11,21,13124928,0.6837,1.376,30.09,4.885,2.263
2022-12,2022,12,21,11581492,0.6033,0.969,18.46,2.532,2.033
2023-01,2023,1,20,12308282,0.6412,0.988,18.08,1.811,1.891
2023-02,2023,2,19,12220758,0.6366,1.096,21.16,2.114,1.862
2023-03,2023,3,23,15385728,0.8015,0.919,16.78,1.872,1.814
2023-04,2023,4,20,11621857,0.6054,0.562,13.36,2.07,1.268
2023-05,2023,5,22,14311417,0.7455,0.724,14.62,2.024,1.251
2023-06,2023,6,21,12721135,0.6627,0.772,14.38,1.494,1.414
2023-07,2023,7,20,12133492,0.6321,0.555,12.6,1.717,1.231
2023-08,2023,8,23,15140530,0.7887,0.814,15.89,2.67,1.524
2023-09,2023,9,20,12178883,0.6344,0.612,12.51,1.325,1.301
2023-10,2023,10,22,16870823,0.8788,0.899,16.77,1.963,1.626
2023-11,2023,11,21,12603600,0.6566,0.612,12.46,1.707,1.207
2023-12,2023,12,20,10829761,0.5642,0.557,10.34,1.284,1.058
2024-01,2024,1,21,13870683,0.7226,0.679,14.82,1.545,1.303
2024-02,2024,2,20,13149620,0.685,0.717,14.87,1.62,1.279
2024-03,2024,3,20,13526956,0.7047,0.699,13.81,1.74,1.281
2024-04,2024,4,22,15747099,0.8203,0.888,17.01,2.003,1.701
2024-05,2024,5,22,12403468,0.6461,0.541,10.96,1.567,1.14
2024-06,2024,6,19,11405415,0.5941,0.565,11.21,1.406,1.219
2024-07,2024,7,22,15343164,0.7993,1.029,22.35,3.262,1.754
2024-08,2024,8,22,13013321,0.6779,1.158,23.85,4.456,2.242
2024-09,2024,9,20,10098903,0.5261,0.844,19.73,2.922,1.692
2024-10,2024,10,23,11200780,0.5835,0.699,14.97,1.653,1.403
2024-11,2024,11,20,10564316,0.5503,0.68,15.5,2.13,1.408
2024-12,2024,12,21,10923996,0.5691,0.948,19.31,4.231,1.582
