rank,date,avg_range,regime,mean_vol,volume
1,2020-03-16,10.274,high,8.357,424860
2,2020-03-12,9.745,high,7.583,440335
3,2020-03-13,9.653,high,6.736,440335
4,2020-03-20,7.532,high,3.06,562616
5,2020-03-23,7.005,high,0.158,633237
6,2020-03-19,6.219,high,0.675,516046
7,2022-09-13,6.074,high,4.642,718899
8,2022-11-10,6.03,high,5.722,862147
9,2020-03-17,5.926,high,3.502,563210
10,2022-02-24,5.683,high,2.762,1122732
11,2020-03-18,5.68,high,1.844,512012
12,2020-03-02,5.677,high,2.948,1373357
13,2020-03-26,5.465,high,3.589,567711
14,2020-03-24,5.456,high,5.648,556553
15,2022-05-05,5.353,high,4.188,877795
16,2024-08-05,5.341,high,2.753,937137
17,2020-09-03,5.328,high,4.088,931583
18,2018-12-26,5.319,high,4.37,642440
19,2020-04-06,5.189,high,4.781,396874
20,2020-03-09,5.154,high,4.996,560913
21,2020-03-10,5.063,high,3.468,982070
22,2022-01-24,5.039,high,0.429,1323080
23,2022-06-16,5.037,high,3.311,831750
24,2022-05-18,4.934,high,4.129,735386
25,2022-04-26,4.92,high,3.216,755330
26,2020-09-04,4.871,high,1.734,1202274
27,2020-02-27,4.859,high,4.089,1527204
28,2020-03-30,4.858,high,2.716,419576
29,2024-12-18,4.803,high,3.561,723296
30,2022-10-13,4.746,high,1.77,843525
31,2018-02-05,4.506,high,3.397,931677
32,2021-01-27,4.396,high,2.353,786471
33,2022-10-27,4.395,high,1.493,769071
34,2018-02-06,4.314,high,2.348,813419
35,2020-03-03,4.311,high,1.815,1295648
36,2022-08-26,4.281,high,3.402,753862
37,2024-08-08,4.266,high,2.838,663957
38,2018-10-29,4.247,high,1.609,905327
39,2024-08-01,4.217,high,2.328,920616
40,2020-11-04,4.197,high,3.461,842617
41,2020-06-11,4.172,high,3.705,81807
42,2022-05-11,4.138,high,2.521,865890
43,2018-10-10,4.131,high,3.614,924204
44,2022-05-20,4.112,high,0.254,806781
45,2015-08-24,4.101,high,2.774,746533
46,2022-05-04,4.095,high,2.74,703191
47,2020-03-11,4.08,high,2.986,990236
48,2022-01-26,4.074,high,0.104,908549
49,2020-11-09,4.064,high,1.719,731881
50,2022-11-02,4.015,high,2.784,770983
51,2018-10-24,3.981,high,3.062,895420
52,2020-02-28,3.979,high,0.634,1527204
53,2022-10-28,3.926,high,2.479,728261
54,2022-11-30,3.918,high,3.554,769082
55,2020-09-08,3.916,high,3.451,1012392
56,2022-01-20,3.913,high,1.08,1041723
57,2022-10-14,3.895,high,2.481,843525
58,2022-04-29,3.821,high,3.759,723386
59,2020-09-09,3.818,high,2.362,23934
60,2022-03-09,3.803,high,2.855,645327
61,2022-03-07,3.794,high,3.153,717846
62,2020-03-25,3.783,high,0.841,656698
63,2024-09-03,3.776,high,2.971,698442
64,2020-03-04,3.771,high,2.717,939032
65,2018-03-27,3.76,high,2.197,731553
66,2021-02-25,3.759,high,2.953,894521
67,2022-10-07,3.755,high,3.122,759141
68,2024-07-31,3.754,high,2.754,762246
69,2022-12-22,3.748,high,2.022,714500
70,2015-08-26,3.743,high,2.605,637925
71,2020-04-21,3.739,high,2.285,582449
72,2024-08-07,3.722,high,1.089,725244
73,2022-06-13,3.712,high,3.739,737529
74,2022-04-21,3.705,high,1.651,732255
75,2022-12-13,3.704,high,0.886,759557
76,2020-07-13,3.697,high,1.749,736178
77,2020-03-06,3.675,high,1.277,1097279
78,2022-02-23,3.645,high,2.144,713187
79,2022-03-16,3.615,high,3.017,651016
80,2021-02-23,3.605,high,0.201,873273
81,2024-09-11,3.604,high,1.985,729344
82,2020-04-01,3.596,high,3.328,411364
83,2022-03-11,3.589,high,1.803,389782
84,2024-12-20,3.584,high,0.837,844404
85,2022-01-25,3.577,high,2.094,957800
86,2022-02-28,3.561,high,0.278,753711
87,2020-02-25,3.549,high,2.008,1344897
88,2016-06-24,3.548,high,2.701,497350
89,2016-11-09,3.543,high,0.232,719499
90,2021-12-16,3.541,high,2.213,789654
91,2022-05-13,3.54,high,2.894,663517
92,2022-06-10,3.529,high,2.925,381026
93,2022-01-28,3.529,high,2.611,878243
94,2022-06-28,3.529,high,2.49,634694
95,2022-12-15,3.498,high,2.875,665526
96,2023-08-24,3.49,high,1.918,847308
97,2022-03-08,3.485,high,0.332,841407
98,2019-01-04,3.481,high,2.952,696539
99,2021-03-09,3.461,high,3.192,644022
100,2024-07-24,3.46,high,3.436,846812
101,2022-02-22,3.447,high,0.793,1114720
102,2020-06-15,3.442,high,1.245,425514
103,2018-12-21,3.431,high,2.923,862689
104,2022-02-11,3.421,high,2.654,835981
105,2020-09-10,3.411,high,1.516,77157
106,2020-10-12,3.405,high,2.529,756438
107,2021-03-03,3.403,high,2.375,756448
108,2022-09-21,3.403,high,1.454,822965
109,2018-02-08,3.401,high,2.522,787495
110,2022-09-29,3.396,high,2.311,878168
111,2020-04-14,3.394,high,3.221,431916
112,2021-02-01,3.382,high,2.042,549549
113,2019-08-05,3.374,high,3.046,848399
114,2022-07-13,3.357,high,0.115,732270
115,2022-01-27,3.348,high,1.013,878243
116,2018-12-19,3.331,high,1.409,714462
117,2022-03-15,3.33,high,2.514,552399
118,2022-05-09,3.329,high,3.275,816033
119,2022-10-03,3.324,high,1.795,757581
120,2022-09-28,3.293,high,1.561,897742
121,2020-03-27,3.289,high,2.615,443315
122,2020-04-07,3.277,high,0.164,531043
123,2022-05-26,3.263,high,2.247,615992
124,2020-04-29,3.245,high,2.706,432414
125,2021-03-18,3.227,high,2.582,641117
126,2022-07-27,3.22,high,3.328,634889
127,2021-12-01,3.211,high,1.486,861888
128,2021-03-04,3.203,high,1.47,1016317
129,2022-05-27,3.202,high,2.594,615992
130,2022-07-28,3.2,high,0.763,592416
131,2022-10-21,3.188,high,1.912,840952
132,2020-09-23,3.186,high,2.315,656111
133,2024-09-06,3.179,high,2.507,726350
134,2020-10-28,3.167,high,3.203,749420
135,2020-07-23,3.166,high,1.894,644189
136,2021-03-08,3.164,high,2.39,749028
137,2021-03-05,3.16,high,1.354,1016317
138,2022-01-31,3.157,high,2.689,654278
139,2018-11-19,3.144,high,2.296,743936
140,2021-12-03,3.138,high,1.445,898849
141,2019-08-06,3.127,high,1.263,845239
142,2022-10-17,3.119,high,2.672,638720
143,2022-04-28,3.115,high,2.766,723386
144,2023-02-01,3.112,high,1.754,668515
145,2022-06-09,3.102,high,2.226,60982
146,2022-06-24,3.093,high,2.724,563303
147,2018-02-09,3.089,high,1.071,787495
148,2020-09-18,3.054,high,1.07,800279
149,2021-01-28,3.04,high,0.503,623570
150,2020-07-20,3.032,high,2.41,496402
151,2019-08-23,3.031,high,1.975,763864
152,2018-12-27,3.028,high,0.412,644735
153,2020-09-11,3.019,high,0.84,379285
154,2023-01-06,3.01,high,2.151,736332
155,2022-06-15,3.009,high,1.97,745920
156,2022-05-12,2.992,high,0.152,878238
157,2022-04-22,2.981,high,2.282,732255
158,2018-04-04,2.976,high,1.19,635562
159,2024-08-02,2.97,high,2.308,842228
160,2021-09-20,2.966,high,1.753,845911
161,2020-04-16,2.958,high,1.22,539163
162,2022-06-22,2.949,high,0.08,638960
163,2024-07-17,2.948,high,2.763,854323
164,2015-08-25,2.93,high,0.359,630057
165,2022-06-02,2.923,high,2.196,652955
166,2021-12-15,2.92,high,1.917,735796
167,2022-05-10,2.92,high,1.024,853859
168,2024-07-30,2.919,high,1.331,731539
169,2022-07-05,2.909,high,1.354,790937
170,2022-07-19,2.902,high,2.456,585591
171,2023-10-06,2.896,high,1.459,840602
172,2020-07-30,2.893,high,0.882,631553
173,2023-02-02,2.888,high,2.828,817822
174,2022-06-03,2.865,high,2.196,652955
175,2021-12-07,2.864,high,2.506,594627
176,2022-02-17,2.863,high,2.521,760914
177,2018-10-16,2.856,high,2.73,614355
178,2023-03-13,2.854,high,0.591,788049
179,2020-06-12,2.848,high,0.231,410907
180,2018-11-12,2.843,high,1.987,702949
181,2020-10-02,2.841,high,2.395,806629
182,2022-01-13,2.838,high,2.138,795897
183,2022-09-02,2.816,high,1.249,835870
184,2021-01-04,2.813,high,1.279,650472
185,2020-02-26,2.811,high,0.034,1251412
186,2019-08-14,2.806,high,2.474,825231
187,2022-06-21,2.803,high,1.963,657209
188,2018-12-04,2.794,high,2.583,811925
189,2022-01-10,2.793,high,0.146,888780
190,2018-04-02,2.791,high,2.116,670690
191,2024-07-11,2.772,high,2.071,906128
192,2022-01-05,2.768,high,2.694,769790
193,2024-11-06,2.768,high,2.531,619240
194,2023-03-16,2.765,high,2.239,736519
195,2020-09-17,2.758,high,1.282,818376
196,2022-03-18,2.753,high,1.783,558776
197,2021-05-10,2.752,high,2.152,603725
198,2020-11-10,2.751,high,1.388,834533
199,2019-01-02,2.748,high,0.407,659316
200,2022-08-03,2.747,high,2.175,690056
201,2020-05-13,2.745,high,0.725,703290
202,2016-01-13,2.743,high,1.882,521065
203,2020-05-27,2.736,high,0.212,560524
204,2018-12-07,2.736,high,2.08,854199
205,2022-10-04,2.729,high,2.493,772885
206,2020-02-24,2.719,high,3.035,1171879
207,2017-06-09,2.712,high,1.633,685209
208,2021-02-26,2.71,high,0.504,841911
209,2022-08-30,2.7,high,0.877,797462
210,2024-04-25,2.695,high,0.502,820011
211,2021-10-04,2.693,high,1.712,802849
212,2016-01-15,2.69,high,1.614,567530
213,2022-04-06,2.683,high,1.839,783213
214,2020-04-02,2.68,high,1.819,351874
215,2022-03-14,2.674,high,1.526,546934
216,2022-01-18,2.667,high,2.132,868066
217,2018-12-24,2.659,high,1.878,449594
218,2024-09-19,2.659,high,2.412,615561
219,2024-11-15,2.656,high,2.359,691851
220,2024-08-29,2.656,high,0.108,669705
221,2023-03-22,2.65,high,1.046,713083
222,2024-08-06,2.636,high,0.848,697089
223,2022-02-04,2.635,high,1.106,763735
224,2023-05-26,2.635,high,2.133,729047
225,2018-04-24,2.631,high,1.462,626789
226,2022-05-06,2.63,high,1.036,852234
227,2018-10-25,2.625,high,0.919,793502
228,2022-09-23,2.623,high,1.325,799378
229,2016-01-20,2.623,high,0.16,628240
230,2022-08-10,2.622,high,2.244,602069
231,2020-04-08,2.62,high,1.626,424380
232,2020-04-22,2.616,high,1.815,373067
233,2019-08-26,2.609,high,0.826,617907
234,2018-03-26,2.601,high,2.27,637180
235,2024-04-15,2.601,high,1.536,797316
236,2022-01-21,2.6,high,2.366,1041723
237,2019-08-13,2.596,high,1.723,674983
238,2022-05-31,2.595,high,0.201,832388
239,2024-04-04,2.593,high,1.488,777140
240,2022-03-03,2.578,high,1.227,725774
241,2021-02-22,2.574,high,2.164,648527
242,2016-11-10,2.571,high,0.979,555100
243,2018-10-26,2.565,high,0.338,1069548
244,2023-03-09,2.562,high,1.495,323525
245,2020-05-12,2.561,high,1.672,500539
246,2023-01-25,2.559,high,0.249,633473
247,2021-09-28,2.558,high,2.407,836785
248,2020-09-24,2.557,high,0.457,600725
249,2022-02-25,2.555,high,1.262,784997
250,2020-09-21,2.551,high,0.449,727984
251,2022-09-07,2.545,high,1.629,670899
252,2022-03-01,2.533,high,1.309,645171
253,2022-05-19,2.525,high,0.387,827741
254,2020-04-28,2.522,high,0.901,440939
255,2020-03-05,2.52,high,2.138,954104
256,2020-09-25,2.519,high,1.765,600725
257,2023-04-27,2.518,high,2.202,671058
258,2020-09-30,2.517,high,0.488,647968
259,2022-11-09,2.513,high,1.918,669071
260,2021-05-04,2.51,high,1.537,667316
261,2022-10-18,2.506,high,0.635,832215
262,2022-02-10,2.504,high,1.9,834478
263,2020-01-08,2.502,high,0.781,723085
264,2022-04-14,2.502,high,1.935,548400
265,2018-11-07,2.495,high,2.008,621601
266,2020-06-23,2.485,high,0.548,406477
267,2015-08-21,2.483,high,2.266,614566
268,2021-03-11,2.483,high,1.904,74929
269,2024-07-25,2.483,high,1.027,992015
270,2023-01-03,2.478,high,0.562,657681
271,2020-07-14,2.478,high,0.343,915009
272,2020-10-19,2.476,high,1.013,623203
273,2022-11-04,2.474,high,1.194,881129
274,2018-12-17,2.474,high,1.407,632497
275,2021-05-12,2.471,high,2.167,760916
276,2023-10-25,2.47,high,2.189,820677
277,2020-10-26,2.455,high,1.186,674142
278,2022-05-25,2.455,high,1.162,671096
279,2020-06-24,2.449,high,1.431,661645
280,2016-02-05,2.445,high,1.878,443077
281,2020-04-30,2.439,high,0.405,414560
282,2018-02-14,2.437,high,1.312,482298
283,2020-02-04,2.434,high,1.998,563913
284,2020-04-24,2.431,high,1.479,380231
285,2022-11-15,2.431,high,1.161,771822
286,2018-12-20,2.429,high,0.292,1011493
287,2024-10-01,2.426,high,1.343,650093
288,2020-10-30,2.422,high,2.11,801978
289,2022-04-19,2.421,high,1.826,556357
290,2016-01-14,2.421,high,1.128,526505
291,2020-12-09,2.419,high,1.761,14670
292,2022-02-02,2.417,high,0.668,645396
293,2019-05-13,2.416,high,2.855,773473
294,2022-09-30,2.41,high,1.386,878168
295,2024-08-13,2.404,high,2.288,497670
296,2022-06-30,2.404,high,1.117,605401
297,2022-12-06,2.4,high,1.657,657271
298,2023-02-09,2.399,high,0.79,612404
299,2016-01-07,2.397,high,2.128,501315
300,2022-04-12,2.395,high,0.326,704351
301,2022-10-19,2.395,high,0.326,733776
302,2020-01-31,2.393,high,1.832,898384
303,2024-08-15,2.392,high,2.243,522322
304,2022-10-05,2.392,high,0.118,700889
305,2022-06-01,2.389,high,0.617,682211
306,2020-04-17,2.382,high,0.644,509555
307,2022-02-03,2.381,high,3.519,731581
308,2020-04-13,2.38,high,0.898,385072
309,2022-04-27,2.372,high,0.044,817196
310,2022-09-27,2.372,high,0.124,841073
311,2018-12-06,2.37,high,0.218,854199
312,2021-11-26,2.366,high,1.65,680753
313,2018-03-22,2.364,high,1.963,685491
314,2022-04-05,2.358,high,1.881,563198
315,2022-04-11,2.353,high,1.918,577477
316,2016-01-04,2.348,high,1.098,368671
317,2022-05-02,2.348,high,1.395,763818
318,2022-12-14,2.343,high,0.616,613152
319,2022-11-01,2.34,high,0.813,605362
320,2020-05-04,2.338,high,0.669,381914
321,2018-11-02,2.338,high,0.978,793339
322,2020-11-05,2.332,high,2.122,578443
323,2022-05-24,2.332,high,1.787,717429
324,2020-06-26,2.331,high,1.738,576150
325,2020-03-31,2.331,high,0.643,424386
326,2024-04-19,2.33,high,1.922,1023135
327,2016-02-08,2.329,high,0.822,542371
328,2022-02-18,2.327,high,0.995,760914
329,2018-11-20,2.327,high,1.462,910469
330,2021-02-24,2.327,high,0.683,673353
331,2023-02-07,2.326,high,1.706,744996
332,2022-03-10,2.324,high,0.904,71849
333,2020-11-11,2.323,high,1.833,546218
334,2022-07-22,2.322,high,1.407,634548
335,2024-04-30,2.318,high,1.713,677704
336,2020-10-06,2.314,high,1.374,612278
337,2022-10-20,2.313,high,0.45,840952
338,2021-03-22,2.312,high,1.436,478667
339,2024-01-08,2.309,high,1.848,549900
340,2018-10-11,2.309,high,0.01,1146270
341,2021-03-24,2.307,high,1.346,626538
342,2021-03-01,2.304,high,2.312,513852
343,2024-08-22,2.299,high,1.564,630179
344,2024-10-31,2.296,high,2.388,686677
345,2020-04-03,2.287,high,1.004,351874
346,2023-11-10,2.283,high,1.935,679633
347,2021-01-06,2.281,high,1.136,755618
348,2022-02-01,2.281,high,0.503,597305
349,2023-01-23,2.277,high,1.776,593978
350,2021-01-29,2.277,high,1.727,738848
351,2020-08-11,2.276,high,1.4,561748
352,2023-08-23,2.276,high,1.359,606168
353,2021-05-20,2.275,high,1.559,457735
354,2020-07-06,2.275,high,1.822,486369
355,2022-03-22,2.265,high,1.63,509918
356,2018-06-25,2.263,high,1.475,598963
357,2022-10-24,2.262,high,0.847,715016
358,2024-12-27,2.252,high,1.359,555601
359,2023-10-03,2.249,high,1.589,762964
360,2020-06-22,2.244,high,1.564,354768
361,2018-10-31,2.244,high,1.629,755201
362,2023-01-20,2.241,high,2.26,577769
363,2022-09-15,2.24,high,1.442,750084
364,2015-09-28,2.239,high,1.654,360675
365,2022-02-15,2.238,high,2.059,558472
366,2021-01-25,2.238,high,0.7,663844
367,2018-03-19,2.238,high,1.301,571979
368,2020-09-16,2.234,high,1.374,613797
369,2022-08-22,2.233,high,2.25,599946
370,2022-07-18,2.232,high,0.679,553676
371,2023-02-16,2.228,high,1.621,682325
372,2019-08-01,2.228,high,0.547,772956
373,2024-01-02,2.228,high,1.612,652714
374,2022-05-17,2.227,high,2.064,653222
375,2022-04-25,2.227,high,1.116,749649
376,2020-07-24,2.225,high,0.669,652482
377,2024-08-28,2.224,high,1.135,537278
378,2023-02-21,2.218,high,1.967,609494
379,2022-01-04,2.216,high,1.089,669527
380,2022-07-07,2.214,high,1.737,550463
381,2022-12-02,2.213,high,0.354,588295
382,2022-03-02,2.211,high,1.375,629022
383,2022-07-14,2.21,high,0.241,654560
384,2020-10-29,2.203,high,1.49,801978
385,2020-08-12,2.199,high,1.788,434240
386,2024-12-30,2.193,high,1.256,516518
387,2024-03-07,2.192,high,1.351,758499
388,2023-07-27,2.191,high,0.221,846437
389,2018-03-29,2.19,high,1.225,647977
390,2023-06-07,2.19,high,1.5,770555
391,2023-03-23,2.188,high,0.96,676547
392,2021-05-14,2.186,high,1.78,468758
393,2018-10-23,2.182,high,0.149,825811
394,2022-11-08,2.18,high,0.578,728868
395,2023-03-14,2.18,high,1.914,747697
396,2018-11-28,2.173,high,2.109,639404
397,2023-03-10,2.165,high,1.145,861224
398,2024-10-23,2.163,high,1.489,606455
399,2018-02-02,2.161,high,1.45,642482
400,2020-05-14,2.158,high,0.735,639071
401,2015-10-22,2.157,high,2.046,348494
402,2016-03-01,2.15,high,1.869,295763
403,2023-10-04,2.148,high,1.232,803257
404,2022-12-29,2.146,high,1.916,470004
405,2018-04-06,2.146,high,1.528,631810
406,2024-02-13,2.146,high,1.458,858230
407,2018-03-01,2.145,high,1.06,636240
408,2022-07-12,2.142,high,0.717,607949
409,2023-08-29,2.142,high,1.835,616223
410,2023-02-03,2.137,high,1.446,824209
411,2024-04-11,2.134,high,1.438,728802
412,2018-10-18,2.133,high,1.726,705908
413,2022-11-03,2.132,high,1.59,705050
414,2024-03-08,2.12,high,1.339,1035986
415,2021-12-14,2.12,high,0.843,689272
416,2022-12-27,2.119,high,1.169,499799
417,2018-03-23,2.118,high,1.432,748098
418,2022-02-14,2.118,high,0.073,734224
419,2023-03-03,2.117,high,1.678,675472
420,2024-04-10,2.115,high,0.816,880504
421,2023-06-15,2.115,high,0.99,734111
422,2022-09-06,2.114,high,0.572,895450
423,2018-11-15,2.113,high,1.505,793461
424,2024-03-05,2.11,high,1.655,803857
425,2023-07-20,2.11,high,2.024,810475
426,2022-03-04,2.109,high,1.134,725774
427,2019-05-07,2.109,high,1.218,838952
428,2023-08-02,2.107,high,1.912,773499
429,2024-05-31,2.104,high,0.076,834003
430,2022-11-11,2.102,high,1.486,682257
431,2022-06-14,2.102,high,0.134,690212
432,2022-06-07,2.101,high,0.685,577970
433,2022-06-23,2.099,high,1.184,630125
434,2021-06-17,2.097,high,1.083,575363
435,2021-03-17,2.097,high,0.298,652764
436,2022-10-25,2.096,high,1.633,660210
437,2020-09-22,2.096,high,1.153,573572
438,2020-07-27,2.093,high,1.613,444802
439,2020-06-29,2.093,high,0.848,479544
440,2021-11-22,2.091,high,0.997,770668
441,2015-10-02,2.089,high,1.017,404892
442,2015-09-01,2.086,high,1.569,481009
443,2022-11-07,2.084,high,0.903,554692
444,2020-10-07,2.084,high,1.379,443046
445,2019-05-10,2.083,high,0.143,802652
446,2023-03-15,2.083,high,0.274,833272
447,2023-11-01,2.078,high,1.515,741817
448,2021-11-29,2.074,high,1.778,597936
449,2015-08-20,2.072,high,1.845,449728
450,2021-03-12,2.069,high,0.724,337553
451,2022-04-04,2.069,high,1.679,460171
452,2020-12-21,2.069,high,0.186,606583
453,2023-09-15,2.068,high,1.589,708762
454,2020-05-18,2.067,high,1.902,398562
455,2022-11-17,2.065,high,0.2,585873
456,2023-01-18,2.061,high,1.046,619614
457,2024-05-01,2.059,high,0.693,791170
458,2024-02-22,2.055,high,2.587,759232
459,2019-07-31,2.041,high,0.895,556437
460,2022-05-16,2.039,high,0.908,623715
461,2021-11-30,2.035,high,1.254,854651
462,2019-06-04,2.034,high,1.86,565396
463,2023-11-14,2.033,high,1.862,656099
464,2023-01-12,2.033,high,0.408,754571
465,2019-10-10,2.033,high,0.572,535042
466,2020-04-09,2.03,high,0.342,522648
467,2022-10-26,2.028,high,1.863,784638
468,2021-12-21,2.026,high,1.92,530228
469,2022-04-20,2.022,high,1.25,604344
470,2022-04-13,2.02,high,1.63,530164
471,2022-12-19,2.015,high,1.087,562529
472,2022-01-19,2.014,high,0.958,776612
473,2022-07-11,2.013,high,1.8,578336
474,2023-10-23,2.012,high,0.285,765733
475,2017-06-29,2.012,high,1.262,604720
476,2019-08-08,2.005,high,1.737,553666
477,2021-07-27,2.004,high,0.949,671793
478,2020-11-03,2.0,high,1.444,509496
479,2022-10-11,1.998,high,1.019,833906
480,2021-05-24,1.997,high,1.405,368611
481,2023-01-30,1.995,high,1.722,634667
482,2020-07-21,1.995,high,0.728,587994
483,2022-09-26,1.995,high,0.428,809853
484,2022-09-22,1.994,high,1.002,786180
485,2020-05-28,1.994,high,0.226,529700
486,2023-02-24,1.988,high,1.425,643618
487,2024-10-08,1.986,high,1.432,437088
488,2023-02-13,1.984,high,1.286,467840
489,2016-02-17,1.981,high,1.449,291649
490,2024-02-01,1.981,high,1.008,705238
491,2018-07-27,1.981,high,1.253,534684
492,2021-01-07,1.98,high,1.992,435939
493,2015-12-03,1.98,high,1.087,379530
494,2020-02-20,1.977,high,0.874,911839
495,2019-10-02,1.973,high,1.426,586568
496,2021-03-26,1.972,high,1.247,622214
497,2024-05-23,1.97,high,0.443,851576
498,2021-10-06,1.969,high,0.59,756883
499,2024-04-23,1.967,high,1.339,601826
500,2020-01-30,1.965,high,0.983,898384
501,2023-01-27,1.965,high,0.779,588072
502,2023-04-12,1.963,high,0.788,684779
503,2021-10-05,1.962,high,1.106,574640
504,2022-06-17,1.957,high,0.991,731831
505,2022-05-23,1.955,high,1.312,660213
506,2018-04-26,1.95,high,1.857,424984
507,2024-04-12,1.949,high,1.526,787334
508,2016-01-29,1.949,high,1.509,328862
509,2023-10-26,1.949,high,1.723,987597
510,2022-01-11,1.948,high,1.199,709363
511,2023-02-08,1.944,high,1.51,590355
512,2021-12-20,1.944,high,0.897,676197
513,2018-12-12,1.941,high,0.537,663375
514,2018-02-07,1.94,high,1.018,593446
515,2020-11-02,1.938,high,0.122,602651
516,2023-02-14,1.938,high,0.593,719204
517,2020-04-15,1.935,high,0.859,407752
518,2020-06-05,1.935,high,1.453,513656
519,2019-06-03,1.935,high,1.404,771723
520,2021-05-13,1.934,high,0.639,727348
521,2021-01-19,1.93,high,1.163,481603
522,2018-10-30,1.929,high,0.813,832546
523,2022-04-08,1.927,high,1.207,640156
524,2019-05-20,1.923,high,1.158,634294
525,2023-01-31,1.923,high,1.249,585202
526,2024-06-20,1.922,high,0.764,897181
527,2019-01-30,1.922,high,2.056,526133
528,2023-04-13,1.921,high,1.649,558233
529,2023-07-28,1.921,high,1.53,689386
530,2020-09-02,1.921,high,0.651,725395
531,2020-08-20,1.92,high,1.019,414226
532,2019-09-24,1.919,high,1.084,609261
533,2021-01-20,1.919,high,1.93,438765
534,2023-01-09,1.915,high,0.521,646318
535,2021-05-11,1.915,high,0.066,787639
536,2023-05-05,1.913,high,1.743,573291
537,2019-01-22,1.912,high,1.45,651258
538,2024-05-02,1.907,high,1.099,635300
539,2022-03-24,1.905,high,1.811,553931
540,2021-06-04,1.9,high,1.438,446994
541,2024-06-05,1.898,high,1.813,575227
542,2022-08-19,1.896,high,1.568,618758
543,2019-06-07,1.894,high,1.34,484835
544,2022-03-28,1.893,high,1.293,532125
545,2024-07-18,1.892,high,0.459,964287
546,2022-07-15,1.892,high,1.423,560980
547,2018-11-14,1.89,high,0.869,731312
548,2021-04-05,1.889,high,1.652,356725
549,2020-05-26,1.888,high,0.002,486546
550,2022-10-10,1.887,high,0.846,757732
551,2020-05-05,1.885,high,1.101,367233
552,2024-10-15,1.881,high,1.279,509677
553,2021-03-31,1.878,high,1.334,478398
554,2024-01-19,1.877,high,1.709,758132
555,2018-12-14,1.876,high,1.612,486181
556,2018-04-10,1.871,high,1.332,542219
557,2020-05-15,1.87,high,0.143,537250
558,2019-03-22,1.869,high,1.603,694561
559,2024-11-19,1.866,high,0.613,553617
560,2020-10-14,1.863,high,0.804,597198
561,2022-08-08,1.863,high,0.283,597182
562,2022-08-05,1.862,high,0.609,687792
563,2018-10-04,1.86,high,1.429,704908
564,2018-10-05,1.86,high,0.751,735015
565,2022-09-01,1.86,high,0.046,820606
566,2021-03-10,1.86,high,0.253,14465
567,2018-12-10,1.859,high,0.789,778327
568,2022-01-07,1.856,high,0.959,704406
569,2022-09-09,1.853,high,1.783,291945
570,2022-12-05,1.853,high,1.392,537924
571,2020-08-26,1.852,high,1.803,578801
572,2020-09-28,1.851,high,1.829,568217
573,2022-09-19,1.851,high,0.613,632663
574,2024-07-12,1.848,high,0.375,724343
575,2016-02-24,1.847,high,0.682,336253
576,2022-03-17,1.845,high,0.934,558776
577,2021-12-13,1.842,high,1.31,549501
578,2016-01-22,1.84,high,1.623,328593
579,2020-09-14,1.839,high,1.557,546567
580,2022-07-20,1.839,high,1.256,643607
581,2021-11-10,1.837,high,1.223,658266
582,2016-09-12,1.835,high,1.235,454859
583,2022-03-31,1.832,high,1.136,560785
584,2022-06-06,1.827,high,0.349,536936
585,2020-07-28,1.827,high,1.006,445252
586,2020-05-20,1.827,high,1.512,369922
587,2024-04-17,1.825,high,1.144,844749
588,2022-02-09,1.825,high,1.709,529886
589,2019-08-07,1.824,high,0.363,851275
590,2018-05-04,1.822,high,1.135,408713
591,2020-05-11,1.821,high,0.503,398142
592,2022-07-21,1.818,high,1.134,605066
593,2022-04-07,1.818,high,0.177,640156
594,2024-02-20,1.815,high,0.697,889292
595,2023-09-21,1.809,high,1.685,702742
596,2020-07-31,1.806,high,0.705,631553
597,2021-12-06,1.805,high,0.67,695515
598,2018-03-02,1.804,high,0.449,636240
599,2020-04-23,1.803,high,0.343,380231
600,2024-12-11,1.801,high,1.703,534185
601,2015-09-25,1.799,high,0.448,344913
602,2022-06-27,1.798,high,0.669,565803
603,2024-02-21,1.797,high,0.361,731450
604,2022-09-20,1.797,high,0.69,704882
605,2022-08-11,1.794,high,0.498,614816
606,2020-05-01,1.793,high,2.316,414560
607,2023-01-05,1.793,high,1.319,694452
608,2021-05-19,1.793,high,0.134,669351
609,2023-03-02,1.791,high,0.683,752009
610,2022-08-02,1.789,high,0.241,674564
611,2024-06-12,1.787,high,1.207,691079
612,2023-09-20,1.786,high,1.281,605256
613,2020-07-01,1.785,high,0.931,402791
614,2015-01-27,1.785,high,1.269,363818
615,2024-04-05,1.784,high,1.126,809193
616,2019-10-03,1.783,high,1.075,582820
617,2019-08-15,1.781,high,0.072,705042
618,2020-06-30,1.78,high,1.345,422348
619,2015-09-09,1.777,high,0.596,354129
620,2024-11-21,1.777,high,0.366,698342
621,2018-11-09,1.777,high,1.342,596695
622,2019-03-11,1.776,high,1.383,385399
623,2020-08-07,1.776,high,0.987,532554
624,2019-05-15,1.773,high,1.044,535915
625,2022-12-28,1.769,high,1.057,635572
626,2022-11-16,1.767,high,1.128,577864
627,2020-05-29,1.764,high,0.81,529700
628,2017-08-10,1.763,high,1.491,548167
629,2023-10-13,1.762,high,1.121,777005
630,2016-02-11,1.762,high,0.086,504866
631,2021-03-02,1.76,high,1.401,563138
632,2015-09-02,1.755,high,1.408,340627
633,2023-10-19,1.752,high,0.79,1019700
634,2022-02-08,1.751,high,0.997,611858
635,2022-07-26,1.751,high,1.604,536287
636,2015-01-15,1.748,high,0.793,456035
637,2018-08-02,1.748,high,1.056,298355
638,2022-12-08,1.747,high,0.951,64137
639,2023-11-03,1.747,high,1.048,633835
640,2024-11-07,1.746,high,1.486,455880
641,2015-12-11,1.745,high,1.388,321094
642,2023-08-10,1.744,high,0.131,807104
643,2021-09-27,1.743,high,0.683,543381
644,2020-09-15,1.739,high,1.293,518258
645,2023-06-26,1.737,high,1.165,649993
646,2015-08-27,1.735,high,1.557,475384
647,2016-01-19,1.734,high,0.052,475760
648,2023-05-18,1.733,high,1.536,749496
649,2024-09-09,1.731,high,1.169,536240
650,2017-05-17,1.729,high,1.672,506880
651,2020-02-21,1.729,high,1.345,911839
652,2016-02-03,1.728,high,0.284,484500
653,2018-11-26,1.726,high,1.491,503369
654,2022-09-08,1.725,high,0.388,55079
655,2023-05-24,1.725,high,0.484,704804
656,2018-12-28,1.724,high,0.328,644735
657,2022-07-08,1.723,high,0.09,640445
658,2022-03-29,1.723,high,1.403,552951
659,2019-08-29,1.719,high,1.072,447668
660,2024-06-28,1.718,high,0.524,750324
661,2019-09-27,1.717,high,0.812,598171
662,2019-01-03,1.716,high,2.276,714536
663,2015-09-08,1.715,high,1.438,293906
664,2022-07-01,1.714,high,0.567,605401
665,2023-08-25,1.713,high,0.679,823889
666,2024-12-16,1.713,high,1.407,429393
667,2020-06-25,1.713,high,0.601,576150
668,2021-02-02,1.713,high,1.312,491671
669,2019-06-18,1.708,high,1.071,490205
670,2015-09-22,1.707,high,1.009,320027
671,2018-03-28,1.703,high,0.883,948120
672,2022-08-09,1.703,high,0.951,553704
673,2023-09-28,1.701,high,0.712,734472
674,2019-09-25,1.7,high,0.8,540081
675,2016-09-09,1.699,high,1.602,382964
676,2024-06-17,1.698,high,1.149,648046
677,2016-02-10,1.696,high,0.329,426911
678,2021-10-14,1.696,high,1.535,425055
679,2023-01-11,1.695,high,1.385,500153
680,2024-03-01,1.692,high,1.267,639153
681,2022-07-29,1.692,high,1.49,592416
682,2023-08-21,1.691,high,1.404,641685
683,2023-04-25,1.691,high,1.597,694266
684,2023-12-04,1.69,high,0.855,721019
685,2022-02-07,1.69,high,0.718,562312
686,2015-01-13,1.689,high,0.112,476645
687,2017-07-27,1.686,high,0.429,539445
688,2023-12-20,1.683,high,1.362,654329
689,2020-06-16,1.681,high,1.36,596508
690,2019-08-12,1.68,high,0.892,552715
691,2024-05-03,1.679,high,1.798,556949
692,2020-10-15,1.675,high,0.678,595926
693,2023-09-26,1.675,high,1.297,667617
694,2022-11-29,1.674,high,0.638,555859
695,2022-07-06,1.673,high,0.488,649912
696,2022-01-14,1.67,high,0.573,795897
697,2020-07-16,1.668,high,1.276,628898
698,2024-11-20,1.668,high,0.085,619493
699,2018-04-09,1.665,high,0.446,482071
700,2018-05-01,1.665,high,0.819,360806
701,2023-01-26,1.664,high,1.593,621434
702,2019-03-21,1.662,high,1.206,523249
703,2020-11-30,1.66,high,0.129,493064
704,2023-05-23,1.655,high,1.062,658680
705,2022-08-12,1.651,high,1.635,500647
706,2022-12-23,1.65,high,0.153,534525
707,2023-06-01,1.646,high,1.015,623290
708,2024-09-18,1.645,high,0.457,559587
709,2022-02-16,1.644,high,0.054,594304
710,2019-05-14,1.644,high,1.036,547769
711,2021-09-22,1.643,high,0.776,601005
712,2021-05-17,1.643,high,0.515,488299
713,2018-11-13,1.641,high,0.184,711516
714,2020-08-10,1.64,high,0.364,485730
715,2018-06-27,1.64,high,1.055,546252
716,2020-05-07,1.64,high,1.313,362315
717,2022-03-21,1.64,high,0.249,589629
718,2018-03-05,1.637,high,0.738,467865
719,2019-05-23,1.635,high,1.16,640165
720,2023-08-17,1.634,high,0.954,681399
721,2019-10-08,1.634,high,1.121,552145
722,2021-12-17,1.632,high,0.421,800579
723,2018-12-11,1.631,high,0.184,734366
724,2023-08-09,1.631,high,0.999,644369
725,2016-01-27,1.63,high,1.383,408523
726,2022-11-18,1.629,high,0.017,585873
727,2018-03-13,1.627,high,0.815,556239
728,2024-08-19,1.627,high,1.19,429305
729,2023-03-29,1.626,high,1.511,566316
730,2022-08-17,1.626,high,1.004,610667
731,2020-02-10,1.626,high,0.96,500147
732,2022-04-18,1.626,high,0.083,492103
733,2022-08-01,1.625,high,0.057,622511
734,2024-09-26,1.624,high,0.718,509755
735,2020-07-10,1.623,high,0.805,527570
736,2024-04-24,1.62,high,0.299,667402
737,2024-08-26,1.62,high,0.944,473540
738,2019-12-02,1.62,high,0.906,559474
739,2019-06-25,1.62,high,1.231,424811
740,2021-08-19,1.62,high,0.443,734184
741,2023-07-18,1.619,high,0.734,633272
742,2022-12-09,1.617,high,0.528,247737
743,2018-10-12,1.617,high,1.406,772623
744,2023-01-13,1.615,high,0.518,482002
745,2015-03-25,1.615,high,1.428,320355
746,2018-10-08,1.614,high,0.427,615687
747,2015-01-28,1.613,high,0.744,363115
748,2020-11-06,1.612,high,0.01,552483
749,2023-06-12,1.611,high,1.458,533102
750,2023-03-07,1.611,high,1.036,685006
751,2024-07-02,1.61,high,0.941,621477
752,2016-02-02,1.609,high,1.368,314726
753,2016-03-10,1.609,high,0.133,77010
754,2021-12-02,1.608,high,0.631,853707
755,2024-01-11,1.607,high,0.111,756441
756,2020-10-05,1.606,high,1.661,398444
757,2018-02-12,1.605,high,1.201,406083
758,2018-02-15,1.604,high,1.32,458423
759,2023-03-31,1.604,high,1.397,624955
760,2024-03-15,1.602,high,1.072,705711
761,2022-11-22,1.601,high,1.152,531087
762,2022-10-31,1.601,high,0.978,607680
763,2021-07-08,1.6,high,0.51,631207
764,2024-03-18,1.599,high,0.87,656629
765,2019-05-16,1.597,high,0.679,626777
766,2021-03-25,1.597,high,0.15,622214
767,2024-11-05,1.595,high,1.194,442767
768,2022-01-06,1.595,high,0.04,802950
769,2021-10-01,1.592,high,0.45,663413
770,2023-03-17,1.592,high,0.465,734052
771,2020-07-15,1.591,high,0.274,719947
772,2015-07-13,1.589,high,1.068,209774
773,2017-10-27,1.589,high,1.42,435844
774,2023-06-27,1.586,high,1.47,569198
775,2024-09-05,1.584,high,0.005,585125
776,2023-06-08,1.584,high,1.012,52336
777,2024-10-25,1.582,high,0.548,570332
778,2021-12-22,1.582,high,1.001,476670
779,2019-09-05,1.581,high,1.246,356484
780,2023-08-08,1.579,high,0.738,638813
781,2020-07-09,1.579,high,0.482,607385
782,2024-02-16,1.579,high,0.853,744628
783,2024-12-19,1.579,high,0.549,735397
784,2021-05-18,1.578,high,0.567,442088
785,2021-06-16,1.576,high,0.29,566333
786,2023-07-13,1.576,high,1.487,563935
787,2024-02-02,1.575,high,1.515,761167
788,2024-03-20,1.573,high,1.045,618809
789,2024-04-22,1.572,high,0.892,646130
790,2024-03-12,1.571,high,1.302,763543
791,2024-06-03,1.571,high,0.272,669104
792,2021-12-09,1.57,high,1.278,73916
793,2020-10-16,1.57,high,0.517,527026
794,2023-06-30,1.57,high,1.347,529455
795,2022-10-06,1.568,high,0.571,773914
796,2016-01-08,1.566,high,0.38,480513
797,2015-12-17,1.565,high,1.154,320692
798,2021-11-23,1.564,high,0.364,901449
799,2022-08-31,1.564,high,0.484,672068
800,2023-02-23,1.563,high,0.742,640962
801,2020-08-06,1.563,high,1.209,532554
802,2024-11-27,1.562,high,0.816,520026
803,2019-05-09,1.559,high,0.497,802652
804,2023-06-22,1.559,high,0.976,611017
805,2023-06-21,1.557,high,1.214,640702
806,2017-11-29,1.557,high,1.221,625761
807,2020-09-01,1.556,high,1.318,518997
808,2024-01-17,1.555,high,0.513,722784
809,2020-10-01,1.554,high,1.167,580589
810,2015-12-04,1.553,high,1.33,305073
811,2020-11-24,1.552,high,1.15,401635
812,2017-08-17,1.552,high,1.384,511900
813,2017-06-28,1.552,high,0.993,396603
814,2024-12-31,1.548,high,0.853,469492
815,2021-02-18,1.548,high,0.404,535194
816,2023-08-04,1.546,high,0.477,773229
817,2019-07-19,1.546,high,0.844,438469
818,2024-04-02,1.545,high,0.831,618982
819,2023-04-05,1.545,high,0.888,594608
820,2018-04-27,1.542,high,0.67,481734
821,2022-12-16,1.542,high,0.798,665526
822,2020-01-28,1.541,high,1.272,632550
823,2024-05-15,1.54,high,1.366,605869
824,2024-07-19,1.54,high,0.877,774109
825,2020-06-19,1.539,high,0.465,518436
826,2018-04-25,1.539,high,0.304,544882
827,2020-10-13,1.538,high,0.028,754735
828,2018-04-03,1.538,high,0.806,681282
829,2021-04-14,1.538,high,1.056,662204
830,2019-01-17,1.533,high,0.559,472761
831,2023-11-20,1.532,high,1.051,559493
832,2023-05-10,1.53,high,0.912,839699
833,2021-02-10,1.53,high,0.222,552643
834,2019-01-15,1.53,high,1.383,492324
835,2024-01-18,1.529,high,1.268,852229
836,2019-12-03,1.526,high,0.582,614317
837,2016-02-09,1.526,high,0.286,499993
838,2015-07-07,1.525,high,0.007,384237
839,2016-01-26,1.525,high,0.552,327223
840,2020-06-10,1.525,high,1.06,11335
841,2022-07-25,1.525,high,0.453,491612
842,2023-06-14,1.524,high,0.573,732553
843,2018-10-22,1.52,high,0.484,650331
844,2024-07-22,1.52,high,1.352,657854
845,2022-03-25,1.519,high,0.045,553931
846,2015-10-01,1.518,high,0.34,367790
847,2020-05-06,1.517,high,0.236,414045
848,2023-10-09,1.517,high,0.433,617072
849,2017-12-04,1.516,high,0.867,520744
850,2020-06-09,1.516,high,0.52,437442
851,2020-02-03,1.515,high,0.981,680726
852,2023-04-06,1.514,high,0.581,598222
853,2020-12-10,1.512,high,0.226,59012
854,2023-12-07,1.511,high,1.236,32856
855,2021-07-20,1.51,high,1.039,529359
856,2018-10-19,1.508,high,0.311,661050
857,2023-02-15,1.508,high,0.645,568579
858,2016-06-29,1.507,medium,1.109,260013
859,2023-10-18,1.507,medium,1.246,853599
860,2024-10-07,1.506,medium,1.1,443569
861,2024-10-04,1.504,medium,1.112,552274
862,2023-04-10,1.502,medium,0.081,553003
863,2023-01-04,1.5,medium,0.394,758003
864,2023-11-02,1.499,medium,1.488,652481
865,2024-10-29,1.498,medium,0.915,488494
866,2021-06-03,1.497,medium,0.877,552987
867,2021-04-01,1.497,medium,1.408,41618
868,2023-05-03,1.496,medium,0.534,648753
869,2015-12-09,1.495,medium,0.928,388709
870,2021-03-16,1.493,medium,0.451,524804
871,2018-04-20,1.492,medium,1.067,422339
872,2022-12-21,1.491,medium,1.14,631322
873,2023-08-15,1.49,medium,0.933,593602
874,2018-04-17,1.489,medium,1.196,325724
875,2023-10-17,1.488,medium,0.28,781599
876,2016-01-21,1.487,medium,0.038,554096
877,2016-01-12,1.487,medium,0.543,417581
878,2020-01-24,1.486,medium,0.864,758796
879,2021-06-10,1.486,medium,0.877,53142
880,2024-12-24,1.485,medium,1.207,256957
881,2019-01-28,1.484,medium,0.926,490045
882,2023-03-01,1.483,medium,0.753,759645
883,2021-01-11,1.482,medium,1.263,454751
884,2023-08-14,1.482,medium,0.995,554628
885,2022-11-28,1.481,medium,1.15,506250
886,2016-06-28,1.48,medium,1.415,258268
887,2020-01-03,1.479,medium,0.701,599887
888,2020-05-22,1.479,medium,0.414,365377
889,2022-08-25,1.477,medium,1.423,753862
890,2023-03-20,1.476,medium,0.288,694471
891,2018-02-21,1.475,medium,0.306,440206
892,2019-08-02,1.474,medium,0.998,736453
893,2024-10-17,1.473,medium,0.163,526214
894,2024-08-23,1.472,medium,1.006,581201
895,2022-12-20,1.47,medium,0.126,625090
896,2024-07-26,1.469,medium,0.888,694702
897,2020-10-22,1.468,medium,0.286,583669
898,2023-09-29,1.467,medium,0.04,745541
899,2021-02-17,1.462,medium,0.41,583565
900,2021-04-22,1.462,medium,1.012,623942
901,2021-04-29,1.46,medium,0.365,555237
902,2024-09-10,1.459,medium,0.849,536220
903,2018-11-21,1.458,medium,0.461,362540
904,2015-09-29,1.457,medium,0.281,427261
905,2015-11-16,1.456,medium,0.764,282188
906,2024-10-30,1.454,medium,0.741,511999
907,2023-10-16,1.454,medium,0.975,641294
908,2024-08-09,1.453,medium,0.453,501761
909,2021-04-23,1.453,medium,1.058,450885
910,2021-04-15,1.451,medium,1.283,524814
911,2015-01-29,1.446,medium,0.859,358572
912,2023-07-06,1.446,medium,0.695,574681
913,2023-10-12,1.445,medium,0.371,747494
914,2020-04-27,1.442,medium,0.475,355545
915,2016-11-14,1.442,medium,0.688,285041
916,2023-10-20,1.441,medium,1.334,846675
917,2021-07-15,1.441,medium,0.588,634785
918,2023-06-23,1.44,medium,0.895,620593
919,2023-03-21,1.439,medium,1.167,565860
920,2021-10-29,1.438,medium,0.395,484693
921,2015-01-22,1.437,medium,1.134,338354
922,2020-11-16,1.435,medium,0.482,471101
923,2018-10-17,1.433,medium,0.394,663303
924,2018-08-15,1.433,medium,0.806,521164
925,2022-12-30,1.432,medium,0.077,462484
926,2015-09-30,1.432,medium,1.235,347070
927,2023-03-27,1.429,medium,0.662,562634
928,2016-05-24,1.429,medium,1.246,239635
929,2024-09-12,1.429,medium,0.847,29764
930,2020-08-27,1.428,medium,0.26,489066
931,2019-10-01,1.428,medium,0.709,478759
932,2023-05-02,1.428,medium,0.775,664855
933,2018-07-03,1.428,medium,0.924,300232
934,2023-10-24,1.427,medium,0.794,703058
935,2018-11-01,1.427,medium,1.026,589071
936,2024-06-24,1.426,medium,1.089,683900
937,2024-12-02,1.426,medium,1.006,469568
938,2015-02-02,1.425,medium,0.617,353848
939,2023-10-05,1.425,medium,0.364,676461
940,2021-03-15,1.423,medium,0.914,383913
941,2023-07-12,1.423,medium,1.043,649433
942,2021-10-18,1.422,medium,0.862,423424
943,2021-12-27,1.422,medium,1.351,351308
944,2020-08-03,1.417,medium,1.113,389622
945,2019-01-07,1.416,medium,0.666,516597
946,2019-10-22,1.416,medium,0.833,377545
947,2024-09-04,1.416,medium,0.215,582116
948,2019-10-11,1.416,medium,0.927,490521
949,2019-06-10,1.415,medium,0.927,463884
950,2024-02-29,1.415,medium,0.869,680147
951,2023-08-16,1.413,medium,0.945,641607
952,2022-11-21,1.413,medium,0.832,477970
953,2020-07-07,1.411,medium,0.494,465212
954,2019-10-04,1.411,medium,1.03,420539
955,2019-02-07,1.41,medium,0.915,595400
956,2015-08-06,1.405,medium,0.907,272055
957,2019-05-06,1.403,medium,0.574,630196
958,2018-07-30,1.401,medium,0.986,497537
959,2023-03-06,1.401,medium,0.082,612506
960,2018-03-09,1.401,medium,1.233,277290
961,2023-01-10,1.396,medium,0.694,559281
962,2018-03-07,1.395,medium,0.169,498163
963,2018-02-22,1.394,medium,0.288,439678
964,2023-09-27,1.393,medium,0.142,716200
965,2022-03-30,1.392,medium,0.922,513516
966,2022-03-23,1.392,medium,1.187,555130
967,2015-11-13,1.391,medium,1.1,344229
968,2020-07-29,1.387,medium,0.998,368010
969,2023-02-10,1.387,medium,0.527,600244
970,2021-08-20,1.386,medium,0.888,504460
971,2021-05-07,1.386,medium,0.678,550632
972,2021-09-17,1.384,medium,1.002,641864
973,2021-11-24,1.384,medium,0.281,656267
974,2016-06-27,1.383,medium,1.159,413249
975,2023-05-25,1.382,medium,1.995,819148
976,2018-05-03,1.382,medium,0.321,408713
977,2018-07-17,1.381,medium,0.935,343273
978,2015-08-12,1.38,medium,0.302,358454
979,2021-08-23,1.38,medium,1.205,412591
980,2020-04-20,1.38,medium,1.01,427981
981,2021-04-19,1.379,medium,0.786,613719
982,2019-01-23,1.378,medium,0.128,515044
983,2015-09-10,1.378,medium,0.528,93260
984,2021-03-19,1.378,medium,0.413,641117
985,2019-01-25,1.378,medium,1.205,446822
986,2023-05-30,1.377,medium,0.38,882198
987,2024-01-30,1.375,medium,0.6,554146
988,2023-12-14,1.374,medium,0.13,786948
989,2024-04-18,1.374,medium,0.576,756158
990,2022-12-12,1.371,medium,1.018,386240
991,2024-01-31,1.368,medium,1.788,816119
992,2020-06-04,1.367,medium,0.469,462358
993,2020-11-12,1.363,medium,0.449,554930
994,2016-09-15,1.363,medium,1.089,343596
995,2021-07-19,1.363,medium,0.742,720291
996,2024-11-25,1.362,medium,0.138,544568
997,2021-02-04,1.362,medium,0.939,408023
998,2021-10-25,1.361,medium,0.845,456009
999,2019-03-04,1.361,medium,0.102,556660
1000,2022-08-29,1.36,medium,0.829,693093
1001,2024-10-14,1.36,medium,0.779,385275
1002,2022-12-01,1.359,medium,0.138,629297
1003,2015-01-16,1.358,medium,0.632,359021
1004,2018-09-18,1.357,medium,0.57,472740
1005,2016-01-06,1.357,medium,0.493,346779
1006,2022-11-14,1.354,medium,0.777,576678
1007,2021-05-06,1.353,medium,0.65,567452
1008,2023-02-27,1.353,medium,0.586,578952
1009,2024-08-14,1.352,medium,0.052,553997
1010,2023-09-07,1.351,medium,0.662,25007
1011,2018-11-05,1.35,medium,0.31,506045
1012,2022-05-03,1.348,medium,0.091,662216
1013,2023-11-07,1.347,medium,0.812,585124
1014,2021-04-21,1.346,medium,0.747,510093
1015,2015-12-14,1.346,medium,0.369,423297
1016,2016-12-01,1.344,medium,1.015,291375
1017,2021-01-26,1.343,medium,0.061,502390
1018,2020-08-24,1.342,medium,0.514,617004
1019,2018-07-06,1.338,medium,1.062,320304
1020,2022-09-12,1.338,medium,0.987,485300
1021,2024-03-14,1.337,medium,0.284,818470
1022,2023-11-30,1.336,medium,0.211,694118
1023,2020-10-21,1.335,medium,0.21,599851
1024,2020-10-20,1.333,medium,0.072,622702
1025,2018-09-05,1.333,medium,1.014,522313
1026,2020-07-02,1.332,medium,0.661,404764
1027,2023-02-17,1.332,medium,0.612,629355
1028,2024-05-14,1.33,medium,0.596,555369
1029,2023-06-09,1.329,medium,0.312,569706
1030,2018-07-12,1.328,medium,1.254,304341
1031,2019-09-20,1.326,medium,0.817,425158
1032,2015-03-18,1.325,medium,0.672,316293
1033,2022-04-01,1.324,medium,0.028,539029
1034,2020-06-02,1.324,medium,0.424,389908
1035,2021-08-17,1.324,medium,0.761,687897
1036,2018-05-23,1.324,medium,0.481,390903
1037,2024-12-23,1.323,medium,0.827,502260
1038,2024-10-09,1.323,medium,0.764,415101
1039,2017-03-21,1.323,medium,0.952,414738
1040,2024-09-17,1.321,medium,0.05,509253
1041,2024-07-15,1.32,medium,0.272,703410
1042,2024-01-05,1.32,medium,0.083,627475
1043,2022-08-16,1.32,medium,0.139,555979
1044,2018-02-23,1.319,medium,1.226,383733
1045,2017-06-27,1.319,medium,1.16,418001
1046,2015-08-11,1.318,medium,0.731,301820
1047,2021-10-07,1.318,medium,0.69,492756
1048,2021-03-30,1.318,medium,0.42,516408
1049,2020-11-19,1.317,medium,0.61,358180
1050,2024-01-29,1.316,medium,0.915,568739
1051,2018-01-02,1.316,medium,1.118,259593
1052,2023-08-11,1.315,medium,0.603,613959
1053,2022-01-12,1.315,medium,0.3,671265
1054,2021-04-13,1.314,medium,0.996,485938
1055,2022-06-08,1.314,medium,0.616,575622
1056,2018-09-06,1.311,medium,0.71,606515
1057,2017-12-01,1.311,medium,0.242,608005
1058,2018-07-02,1.311,medium,0.494,379570
1059,2023-12-06,1.311,medium,0.519,675482
1060,2020-11-23,1.311,medium,0.003,425777
1061,2016-01-11,1.31,medium,0.158,435576
1062,2015-11-18,1.309,medium,1.087,242823
1063,2020-12-01,1.308,medium,1.151,464023
1064,2023-03-28,1.305,medium,0.366,537965
1065,2020-05-21,1.303,medium,1.059,429220
1066,2021-08-18,1.302,medium,0.833,568846
1067,2018-06-21,1.296,medium,0.737,424012
1068,2016-02-04,1.294,medium,0.219,383175
1069,2016-04-28,1.293,medium,0.561,306766
1070,2021-01-08,1.291,medium,1.067,508107
1071,2021-04-20,1.287,medium,0.616,606019
1072,2020-01-27,1.287,medium,1.601,792705
1073,2020-01-06,1.286,medium,0.322,469514
1074,2018-11-06,1.285,medium,0.675,514296
1075,2015-09-24,1.285,medium,0.23,355070
1076,2016-01-28,1.283,medium,0.373,414082
1077,2023-10-02,1.283,medium,0.692,762896
1078,2021-11-04,1.283,medium,1.051,524361
1079,2018-12-18,1.282,medium,0.058,646315
1080,2019-05-03,1.281,medium,1.223,454088
1081,2019-07-10,1.281,medium,0.777,442842
1082,2016-04-29,1.281,medium,0.682,402426
1083,2020-10-09,1.279,medium,1.282,408445
1084,2021-09-10,1.279,medium,0.635,387522
1085,2024-07-29,1.278,medium,0.168,600017
1086,2020-12-28,1.276,medium,0.821,346691
1087,2016-12-13,1.276,medium,0.895,296399
1088,2023-03-24,1.275,medium,0.235,676547
1089,2018-04-30,1.275,medium,0.589,389473
1090,2022-08-15,1.275,medium,0.628,463768
1091,2018-07-25,1.274,medium,0.511,351372
1092,2015-01-06,1.273,medium,0.834,426154
1093,2023-01-19,1.273,medium,0.847,577769
1094,2015-04-17,1.27,medium,0.896,302065
1095,2024-11-01,1.269,medium,0.618,538348
1096,2022-06-29,1.268,medium,0.115,590173
1097,2017-07-03,1.268,medium,0.733,232656
1098,2023-11-22,1.267,medium,0.325,624552
1099,2020-06-18,1.267,medium,0.0,518436
1100,2019-02-04,1.266,medium,0.608,353660
1101,2019-05-31,1.265,medium,1.207,540433
1102,2019-08-19,1.265,medium,1.099,401476
1103,2019-02-12,1.263,medium,1.055,363950
1104,2024-07-05,1.262,medium,0.953,600207
1105,2023-12-08,1.262,medium,0.326,525906
1106,2016-10-11,1.259,medium,0.837,316603
1107,2019-03-27,1.259,medium,0.412,592979
1108,2017-09-25,1.259,medium,0.662,447828
1109,2021-01-05,1.259,medium,0.692,483173
1110,2015-06-18,1.258,medium,1.018,275557
1111,2016-11-01,1.258,medium,0.504,307806
1112,2022-10-12,1.257,medium,0.033,731214
1113,2024-06-11,1.256,medium,0.635,564706
1114,2019-01-08,1.256,medium,0.643,539049
1115,2023-09-06,1.253,medium,0.757,596503
1116,2023-04-14,1.253,medium,0.181,627824
1117,2015-07-06,1.253,medium,0.081,285735
1118,2020-06-01,1.252,medium,0.28,345593
1119,2021-10-11,1.252,medium,0.611,510490
1120,2015-01-08,1.25,medium,1.122,272056
1121,2023-07-26,1.248,medium,0.346,683826
1122,2023-11-09,1.246,medium,0.746,710427
1123,2024-08-12,1.246,medium,0.117,469892
1124,2024-08-30,1.245,medium,1.097,495609
1125,2015-07-24,1.243,medium,0.765,236180
1126,2020-07-08,1.242,medium,0.967,481023
1127,2022-09-16,1.242,medium,0.502,754923
1128,2021-06-22,1.242,medium,0.751,420968
1129,2024-02-07,1.242,medium,0.922,613340
1130,2019-08-16,1.241,medium,1.109,449473
1131,2021-05-05,1.239,medium,0.275,520694
1132,2018-05-15,1.239,medium,0.841,432917
1133,2022-08-23,1.238,medium,0.084,570278
1134,2018-12-03,1.238,medium,1.093,575964
1135,2021-03-29,1.236,medium,0.141,574193
1136,2017-07-05,1.236,medium,0.718,392297
1137,2015-04-30,1.236,medium,0.959,353283
1138,2024-10-03,1.235,medium,0.092,521252
1139,2024-01-24,1.233,medium,0.46,721605
1140,2019-05-01,1.233,medium,0.408,484406
1141,2015-12-16,1.232,medium,0.741,287576
1142,2021-08-16,1.231,medium,0.046,590789
1143,2023-12-13,1.231,medium,1.083,672137
1144,2023-06-16,1.231,medium,0.6,636907
1145,2020-02-18,1.231,medium,0.03,668505
1146,2024-04-09,1.229,medium,0.241,696069
1147,2018-02-20,1.228,medium,0.038,461892
1148,2015-04-06,1.227,medium,1.083,154026
1149,2021-07-02,1.226,medium,0.944,392168
1150,2020-08-13,1.225,medium,0.352,413661
1151,2024-09-24,1.225,medium,0.411,450074
1152,2017-06-12,1.224,medium,0.33,613912
1153,2023-01-17,1.223,medium,0.116,576141
1154,2024-09-16,1.222,medium,0.486,376502
1155,2024-07-01,1.22,medium,0.582,639341
1156,2021-09-29,1.22,medium,0.142,649554
1157,2021-01-12,1.218,medium,0.043,461733
1158,2021-07-16,1.217,medium,0.665,539012
1159,2021-02-03,1.217,medium,0.336,499098
1160,2022-12-07,1.216,medium,0.395,631005
1161,2021-03-23,1.216,medium,0.412,604250
1162,2023-07-17,1.216,medium,0.808,522129
1163,2023-10-10,1.215,medium,0.482,648613
1164,2024-11-26,1.215,medium,0.511,496989
1165,2021-09-30,1.214,medium,0.325,663413
1166,2021-11-09,1.213,medium,0.6,560749
1167,2019-08-22,1.213,medium,0.368,763864
1168,2020-06-08,1.211,medium,0.602,391647
1169,2024-10-02,1.21,medium,0.164,471002
1170,2019-08-09,1.209,medium,0.715,619044
1171,2019-10-09,1.209,medium,0.74,404170
1172,2019-03-07,1.207,medium,0.829,57217
1173,2016-02-22,1.207,medium,0.744,189979
1174,2023-09-13,1.207,medium,0.295,752742
1175,2019-06-20,1.206,medium,0.667,500886
1176,2023-10-27,1.205,medium,0.435,782097
1177,2023-11-15,1.204,medium,0.053,685072
1178,2023-05-17,1.204,medium,0.995,621137
1179,2016-12-05,1.203,medium,0.537,207428
1180,2020-12-15,1.202,medium,0.868,401624
1181,2019-02-15,1.202,medium,0.442,430944
1182,2018-06-28,1.201,medium,0.623,483220
1183,2021-01-15,1.199,medium,0.629,539769
1184,2023-01-24,1.199,medium,0.168,511370
1185,2024-08-27,1.198,medium,0.297,441146
1186,2019-01-18,1.197,medium,0.752,499881
1187,2019-01-10,1.197,medium,0.215,496364
1188,2024-05-24,1.196,medium,0.877,552083
1189,2020-11-27,1.194,medium,0.699,296828
1190,2024-04-26,1.193,medium,1.434,628227
1191,2016-03-29,1.193,medium,0.921,229527
1192,2023-08-03,1.193,medium,0.192,658841
1193,2024-06-25,1.192,medium,1.04,574518
1194,2018-12-13,1.191,medium,0.17,68819
1195,2024-12-09,1.191,medium,0.76,509945
1196,2018-01-16,1.191,medium,0.133,516270
1197,2020-02-05,1.189,medium,0.217,729548
1198,2018-06-19,1.189,medium,0.232,450281
1199,2015-03-10,1.189,medium,1.115,313249
1200,2024-05-30,1.186,medium,0.962,619548
1201,2024-06-04,1.186,medium,0.269,616703
1202,2015-11-09,1.182,medium,0.652,256938
1203,2020-08-31,1.182,medium,0.821,480979
1204,2021-02-19,1.182,medium,0.346,535194
1205,2024-03-19,1.182,medium,0.193,660394
1206,2016-04-07,1.181,medium,0.858,260817
1207,2019-08-30,1.18,medium,0.201,450746
1208,2022-11-23,1.18,medium,0.742,474645
1209,2018-10-15,1.18,medium,0.951,641765
1210,2020-12-11,1.176,medium,0.213,313453
1211,2018-01-22,1.176,medium,0.86,262762
1212,2022-08-24,1.175,medium,0.211,503227
1213,2018-04-11,1.174,medium,0.328,443623
1214,2024-01-16,1.174,medium,0.015,816021
1215,2018-02-26,1.173,medium,0.905,297831
1216,2021-09-13,1.172,medium,0.022,565373
1217,2015-07-08,1.168,medium,1.023,335132
1218,2016-02-16,1.168,medium,1.221,320588
1219,2016-11-15,1.167,medium,0.918,238486
1220,2015-09-03,1.166,medium,0.42,332566
1221,2018-07-23,1.166,medium,0.68,287213
1222,2021-07-28,1.166,medium,0.357,577186
1223,2016-05-16,1.166,medium,0.693,197887
1224,2018-01-24,1.166,medium,0.346,526387
1225,2016-05-17,1.165,medium,0.754,256918
1226,2024-01-03,1.164,medium,0.98,677219
1227,2019-06-06,1.163,medium,0.53,484835
1228,2016-04-01,1.162,medium,0.693,245916
1229,2017-06-14,1.162,medium,0.301,429542
1230,2016-02-18,1.162,medium,0.579,254579
1231,2023-11-21,1.16,medium,0.529,575452
1232,2021-10-08,1.16,medium,0.412,550607
1233,2017-12-05,1.16,medium,0.07,443788
1234,2021-10-13,1.16,medium,0.631,556059
1235,2019-07-24,1.16,medium,0.499,356159
1236,2021-04-09,1.159,medium,0.491,494768
1237,2023-09-01,1.159,medium,0.124,572689
1238,2024-03-06,1.159,medium,0.572,806131
1239,2018-06-07,1.157,medium,0.533,68276
1240,2023-10-31,1.156,medium,0.444,712605
1241,2020-08-21,1.156,medium,0.59,414226
1242,2016-12-07,1.156,medium,0.699,232690
1243,2019-05-02,1.155,medium,0.209,454088
1244,2020-12-18,1.155,medium,0.247,460979
1245,2023-03-30,1.154,medium,0.752,624955
1246,2023-05-12,1.153,medium,0.315,628035
1247,2018-04-23,1.152,medium,0.096,384306
1248,2022-09-14,1.152,medium,0.712,677897
1249,2021-01-13,1.151,medium,0.519,416295
1250,2021-06-18,1.151,medium,0.714,575363
1251,2020-08-25,1.15,medium,0.62,495891
1252,2019-09-04,1.148,medium,0.999,399672
1253,2018-10-09,1.148,medium,0.07,583403
1254,2018-09-11,1.147,medium,0.495,467702
1255,2023-04-04,1.146,medium,0.323,577032
1256,2015-09-17,1.146,medium,0.152,329847
1257,2019-10-18,1.145,medium,0.669,437753
1258,2022-11-25,1.145,medium,0.548,252366
1259,2015-09-04,1.144,medium,0.491,354122
1260,2023-04-20,1.142,medium,0.694,680299
1261,2018-09-24,1.142,medium,0.338,390762
1262,2017-11-09,1.141,medium,0.288,266728
1263,2018-02-28,1.141,medium,0.512,461819
1264,2015-12-18,1.141,medium,0.859,340479
1265,2023-09-11,1.14,medium,1.017,606599
1266,2015-09-15,1.138,medium,0.697,246233
1267,2021-10-27,1.138,medium,0.229,534474
1268,2024-11-18,1.137,medium,0.642,525474
1269,2018-11-27,1.137,medium,0.407,577173
1270,2016-12-30,1.136,medium,0.686,197659
1271,2018-04-19,1.136,medium,0.648,422339
1272,2020-07-22,1.136,medium,0.342,483851
1273,2019-10-25,1.131,medium,0.993,348318
1274,2023-08-18,1.131,medium,0.199,731241
1275,2023-06-28,1.131,medium,0.106,662146
1276,2015-12-29,1.13,medium,0.999,158098
1277,2024-06-27,1.129,medium,0.126,589649
1278,2017-05-18,1.129,medium,0.598,522258
1279,2021-07-13,1.129,medium,0.024,506392
1280,2015-09-18,1.129,medium,0.583,333044
1281,2015-10-08,1.129,medium,0.285,317019
1282,2019-07-18,1.128,medium,0.446,413722
1283,2020-01-02,1.127,medium,1.198,416637
1284,2019-09-19,1.127,medium,0.0,425158
1285,2021-10-12,1.127,medium,0.269,599367
1286,2018-06-14,1.126,medium,0.784,335148
1287,2017-06-19,1.126,medium,0.935,271968
1288,2021-09-15,1.125,medium,0.637,511438
1289,2020-11-18,1.125,medium,0.527,475826
1290,2015-06-29,1.125,medium,1.376,334972
1291,2018-11-23,1.124,medium,0.477,362540
1292,2018-06-01,1.124,medium,1.057,335020
1293,2018-09-17,1.124,medium,1.037,451747
1294,2023-09-22,1.123,medium,0.04,624056
1295,2024-12-10,1.123,medium,0.347,530715
1296,2024-03-13,1.123,medium,0.74,754400
1297,2024-01-09,1.122,medium,0.141,605921
1298,2020-09-29,1.122,medium,0.401,444170
1299,2021-08-03,1.121,medium,0.523,520377
1300,2020-08-17,1.12,medium,1.089,246403
1301,2024-08-16,1.119,medium,0.116,458933
1302,2020-05-08,1.118,medium,0.921,362315
1303,2016-01-25,1.118,medium,0.838,287599
1304,2021-09-21,1.117,medium,0.081,659780
1305,2019-05-29,1.116,medium,0.781,568052
1306,2019-06-13,1.116,medium,0.479,49766
1307,2022-01-03,1.115,medium,0.854,513549
1308,2015-05-26,1.114,medium,0.652,228084
1309,2024-10-22,1.113,medium,0.104,465187
1310,2023-06-20,1.113,medium,0.065,652883
1311,2019-03-13,1.112,medium,0.613,405395
1312,2019-04-23,1.112,medium,0.967,427149
1313,2023-09-12,1.111,medium,0.982,643521
1314,2015-05-06,1.11,medium,0.466,335134
1315,2021-02-16,1.11,medium,0.222,604657
1316,2021-11-12,1.109,medium,0.895,422493
1317,2018-09-12,1.109,medium,0.251,586137
1318,2018-04-13,1.108,medium,0.311,465366
1319,2019-10-07,1.108,medium,0.257,381262
1320,2023-12-11,1.107,medium,0.771,541149
1321,2021-11-03,1.107,medium,0.89,448135
1322,2018-11-16,1.106,medium,0.206,691502
1323,2024-11-04,1.106,medium,0.315,513359
1324,2023-12-05,1.105,medium,0.22,683586
1325,2023-09-19,1.105,medium,0.224,552065
1326,2016-04-26,1.104,medium,0.263,212776
1327,2016-07-08,1.103,medium,0.863,234625
1328,2017-06-21,1.103,medium,0.718,319202
1329,2016-02-01,1.102,medium,0.39,263363
1330,2019-09-11,1.102,medium,0.698,383871
1331,2017-08-29,1.102,medium,0.281,334338
1332,2023-07-21,1.101,medium,0.292,704413
1333,2018-03-21,1.101,medium,0.339,454570
1334,2020-05-19,1.101,medium,0.204,392499
1335,2019-10-30,1.1,medium,0.513,381307
1336,2021-12-23,1.099,medium,0.676,349182
1337,2023-05-04,1.099,medium,0.365,656440
1338,2024-02-14,1.098,medium,1.035,688088
1339,2023-12-12,1.098,medium,0.68,614476
1340,2018-07-05,1.097,medium,1.015,378283
1341,2016-03-11,1.096,medium,0.935,214178
1342,2019-09-03,1.095,medium,0.696,643037
1343,2019-04-30,1.095,medium,0.129,463833
1344,2024-02-09,1.094,medium,0.859,499282
1345,2021-06-01,1.094,medium,0.228,448000
1346,2024-05-06,1.093,medium,0.984,395489
1347,2019-02-21,1.093,medium,0.389,432866
1348,2024-04-03,1.092,medium,0.216,597987
1349,2021-06-21,1.091,medium,0.56,503663
1350,2019-01-29,1.091,medium,0.657,441622
1351,2019-05-17,1.091,medium,0.85,626777
1352,2016-02-29,1.088,medium,0.397,250315
1353,2015-05-05,1.088,medium,0.926,306244
1354,2015-07-10,1.087,medium,0.93,236765
1355,2018-09-13,1.087,medium,0.755,77043
1356,2020-07-17,1.084,medium,0.826,443143
1357,2018-05-02,1.083,medium,0.606,382532
1358,2024-11-11,1.082,medium,0.06,456006
1359,2019-07-25,1.081,medium,0.517,322305
1360,2019-07-09,1.081,medium,0.414,346314
1361,2021-07-09,1.081,medium,0.557,424770
1362,2015-10-05,1.08,medium,0.684,242309
1363,2024-11-14,1.079,medium,0.663,561950
1364,2019-09-18,1.078,medium,0.033,402501
1365,2023-06-13,1.078,medium,0.645,723269
1366,2018-04-12,1.076,medium,0.81,357175
1367,2024-09-30,1.076,medium,0.185,502195
1368,2023-07-14,1.076,medium,0.096,629943
1369,2023-08-22,1.076,medium,0.157,623728
1370,2021-10-26,1.074,medium,0.268,586099
1371,2020-02-13,1.074,medium,0.103,613580
1372,2023-11-29,1.072,medium,0.133,634326
1373,2017-12-15,1.072,medium,0.945,288903
1374,2024-01-25,1.072,medium,0.069,710822
1375,2021-06-28,1.072,medium,1.003,376860
1376,2021-05-21,1.071,medium,0.5,457735
1377,2015-05-14,1.07,medium,0.89,184396
1378,2015-07-16,1.07,medium,0.807,192220
1379,2024-12-06,1.07,medium,0.806,449840
1380,2021-12-28,1.07,medium,0.371,454633
1381,2020-12-22,1.07,medium,0.17,457270
1382,2021-08-30,1.07,medium,0.93,417563
1383,2019-08-27,1.069,medium,0.266,520966
1384,2023-04-24,1.069,medium,0.218,582286
1385,2019-08-21,1.069,medium,0.778,344352
1386,2015-10-15,1.069,medium,1.153,275986
1387,2023-07-07,1.069,medium,0.32,555119
1388,2024-12-04,1.067,medium,1.128,456368
1389,2015-01-12,1.067,medium,0.476,319438
1390,2018-06-20,1.067,medium,0.595,320649
1391,2016-06-17,1.066,medium,0.77,250757
1392,2016-02-25,1.065,medium,0.492,265546
1393,2018-07-31,1.065,medium,0.434,430194
1394,2019-09-10,1.063,medium,0.147,446533
1395,2019-02-05,1.063,medium,0.713,369764
1396,2023-06-05,1.063,medium,0.079,619089
1397,2024-02-06,1.062,medium,0.204,623168
1398,2017-09-05,1.06,medium,0.544,485650
1399,2023-02-22,1.06,medium,0.005,640711
1400,2022-08-04,1.058,medium,0.344,542680
1401,2015-04-23,1.058,medium,0.485,252582
1402,2015-01-05,1.057,medium,0.73,313771
1403,2018-02-27,1.057,medium,0.844,498392
1404,2024-02-12,1.056,medium,0.372,538132
1405,2023-05-31,1.056,medium,0.57,680429
1406,2021-11-18,1.056,medium,0.88,602241
1407,2019-01-31,1.055,medium,0.791,557023
1408,2024-09-20,1.055,medium,0.281,470844
1409,2021-05-03,1.054,medium,0.36,473913
1410,2024-07-03,1.054,medium,0.718,395129
1411,2020-12-14,1.054,medium,0.617,421789
1412,2019-03-20,1.054,medium,0.321,550615
1413,2023-04-28,1.053,medium,0.563,671058
1414,2021-06-08,1.052,medium,0.043,482546
1415,2020-12-02,1.052,medium,0.013,400405
1416,2024-12-26,1.051,medium,0.089,398732
1417,2019-11-20,1.051,medium,0.446,526978
1418,2018-05-29,1.051,medium,0.158,487638
1419,2024-12-13,1.05,medium,0.63,623532
1420,2019-07-05,1.05,medium,0.335,375287
1421,2021-04-08,1.049,medium,0.864,435060
1422,2021-02-12,1.049,medium,0.456,392927
1423,2021-12-10,1.049,medium,0.941,415881
1424,2023-10-30,1.047,medium,0.917,704860
1425,2018-02-13,1.047,medium,0.301,382334
1426,2017-11-16,1.042,medium,0.8,339694
1427,2018-01-30,1.042,medium,0.511,524079
1428,2017-06-15,1.042,medium,0.268,435110
1429,2019-03-26,1.042,medium,0.21,557412
1430,2021-10-22,1.041,medium,0.753,545390
1431,2024-09-27,1.04,medium,0.581,429452
1432,2024-07-10,1.04,medium,0.995,576694
1433,2018-02-01,1.039,medium,0.643,642482
1434,2019-06-11,1.038,medium,0.026,461725
1435,2023-07-25,1.037,medium,0.622,554880
1436,2024-06-07,1.037,medium,0.108,612033
1437,2019-10-15,1.037,medium,0.951,347657
1438,2015-07-09,1.036,medium,0.095,260171
1439,2015-05-07,1.035,medium,0.399,249245
1440,2020-08-18,1.033,medium,0.863,326816
1441,2015-05-27,1.032,medium,0.831,198538
1442,2019-01-09,1.032,medium,0.5,496789
1443,2020-06-17,1.031,medium,0.168,404568
1444,2016-05-12,1.03,medium,0.227,262049
1445,2023-04-19,1.029,medium,0.064,529506
1446,2021-04-26,1.029,medium,0.502,403664
1447,2023-09-14,1.029,medium,0.682,648254
1448,2019-12-12,1.028,medium,0.545,65267
1449,2015-04-01,1.027,medium,0.225,311506
1450,2016-04-19,1.027,medium,0.261,256892
1451,2019-12-30,1.026,medium,0.428,404047
1452,2015-08-05,1.025,medium,0.55,247802
1453,2024-05-29,1.023,medium,0.67,573938
1454,2023-12-01,1.023,medium,0.211,621710
1455,2018-11-29,1.022,medium,0.051,485575
1456,2023-04-18,1.022,medium,0.041,576668
1457,2019-07-22,1.022,medium,0.763,355209
1458,2020-11-13,1.021,medium,0.77,445512
1459,2017-08-02,1.019,medium,0.24,389618
1460,2021-11-15,1.018,medium,0.026,483873
1461,2021-07-23,1.018,medium,0.947,449261
1462,2015-09-21,1.018,medium,0.197,254496
1463,2019-09-26,1.016,medium,0.31,598171
1464,2023-12-29,1.016,medium,0.352,470864
1465,2023-09-25,1.015,medium,0.385,568859
1466,2018-12-31,1.014,medium,0.433,386061
1467,2020-08-14,1.014,medium,0.296,398616
1468,2024-07-23,1.013,medium,0.355,601990
1469,2015-02-05,1.01,medium,0.601,200569
1470,2015-10-28,1.01,medium,0.54,306875
1471,2016-05-10,1.009,medium,0.759,204247
1472,2024-05-22,1.009,medium,0.061,578439
1473,2018-09-04,1.009,medium,0.212,470667
1474,2015-01-30,1.007,medium,0.621,345604
1475,2023-02-06,1.006,medium,0.712,535147
1476,2022-08-18,1.006,medium,0.183,530513
1477,2019-10-23,1.005,medium,0.399,348671
1478,2015-02-10,1.002,medium,0.852,225792
1479,2020-10-27,1.002,medium,0.665,551642
1480,2024-04-16,1.001,medium,0.026,766364
1481,2016-08-02,1.001,medium,0.389,261263
1482,2020-11-20,0.999,medium,0.551,358180
1483,2021-07-29,0.999,medium,0.147,412593
1484,2016-07-06,0.998,medium,0.475,253791
1485,2023-07-05,0.998,medium,0.023,519857
1486,2018-01-26,0.998,medium,0.988,326274
1487,2024-07-16,0.998,medium,0.065,629745
1488,2023-06-29,0.998,medium,0.17,594134
1489,2023-02-28,0.997,medium,0.075,646026
1490,2018-02-16,0.997,medium,0.298,445962
1491,2024-02-23,0.997,medium,0.283,659725
1492,2021-10-21,0.995,medium,0.553,436644
1493,2018-04-05,0.995,medium,0.185,631810
1494,2015-01-02,0.994,medium,0.256,229555
1495,2023-04-11,0.994,medium,0.532,549047
1496,2021-06-14,0.994,medium,0.777,376141
1497,2016-07-05,0.993,medium,0.392,200656
1498,2021-10-28,0.993,medium,0.956,484693
1499,2015-01-09,0.992,medium,0.436,341966
1500,2018-07-24,0.992,medium,0.137,406774
1501,2015-03-16,0.991,medium,0.688,245966
1502,2015-12-31,0.991,medium,0.761,160705
1503,2015-10-23,0.988,medium,0.772,361589
1504,2017-08-22,0.986,medium,0.951,307895
1505,2024-08-21,0.985,medium,0.469,479077
1506,2015-08-31,0.984,medium,0.837,303204
1507,2021-09-14,0.984,medium,0.275,536799
1508,2019-04-03,0.984,medium,0.603,483546
1509,2023-03-08,0.982,medium,0.399,633419
1510,2020-08-19,0.981,medium,0.543,410893
1511,2019-03-25,0.981,medium,0.132,596897
1512,2024-09-23,0.981,medium,0.243,391451
1513,2018-11-08,0.979,medium,0.518,596695
1514,2018-09-07,0.978,medium,0.182,606515
1515,2020-01-13,0.978,medium,0.928,380440
1516,2024-04-01,0.978,medium,0.11,572133
1517,2019-06-26,0.977,medium,0.202,376979
1518,2015-09-23,0.977,medium,0.062,238547
1519,2017-07-07,0.977,medium,0.68,266767
1520,2016-11-11,0.977,medium,0.054,324940
1521,2021-08-27,0.974,medium,0.832,441045
1522,2018-09-20,0.974,medium,0.783,403730
1523,2019-03-08,0.973,medium,0.023,379784
1524,2024-02-05,0.973,medium,0.167,621645
1525,2020-12-08,0.971,medium,0.268,365422
1526,2019-08-28,0.97,medium,0.349,480975
1527,2024-10-21,0.97,medium,0.166,444133
1528,2018-08-13,0.97,medium,0.096,377939
1529,2020-10-23,0.969,medium,0.095,501243
1530,2018-11-30,0.968,medium,0.367,485575
1531,2021-07-21,0.967,medium,0.595,404345
1532,2016-10-27,0.967,medium,0.593,261342
1533,2024-09-25,0.966,medium,0.113,396337
1534,2016-06-30,0.965,medium,0.595,242965
1535,2015-11-02,0.965,medium,0.659,162655
1536,2024-10-18,0.964,medium,0.456,379028
1537,2023-04-26,0.963,medium,0.509,755124
1538,2023-07-11,0.961,medium,0.415,552637
1539,2021-12-08,0.961,medium,0.386,490088
1540,2020-11-17,0.961,medium,0.202,401505
1541,2015-03-06,0.961,medium,0.599,296605
1542,2015-01-14,0.961,medium,0.182,450812
1543,2024-01-10,0.96,medium,0.61,550703
1544,2015-09-11,0.957,medium,0.413,197765
1545,2024-10-10,0.956,medium,0.156,450569
1546,2024-03-27,0.956,medium,0.271,605634
1547,2024-11-29,0.955,medium,0.816,337798
1548,2017-08-11,0.954,medium,0.547,394754
1549,2023-12-21,0.952,medium,1.011,639818
1550,2017-06-26,0.952,medium,0.385,311741
1551,2018-07-16,0.95,medium,0.658,246001
1552,2023-09-08,0.95,medium,0.086,593361
1553,2015-12-15,0.95,medium,0.532,329055
1554,2015-01-21,0.949,medium,0.219,327200
1555,2016-06-23,0.948,medium,0.909,194791
1556,2024-11-13,0.948,medium,0.134,533739
1557,2021-11-16,0.947,medium,0.591,424380
1558,2021-07-30,0.946,medium,0.459,505630
1559,2015-11-12,0.946,medium,0.609,268158
1560,2018-09-27,0.946,medium,0.634,381496
1561,2024-02-15,0.945,medium,0.16,657768
1562,2021-09-23,0.944,medium,0.773,470511
1563,2021-09-16,0.944,medium,0.071,476956
1564,2016-04-12,0.943,medium,0.512,252487
1565,2023-09-05,0.942,medium,0.102,604891
1566,2016-04-22,0.942,medium,0.425,285544
1567,2017-11-30,0.941,medium,0.677,608005
1568,2016-02-26,0.94,medium,0.196,272803
1569,2018-05-09,0.94,medium,0.766,316609
1570,2019-06-05,0.939,medium,0.488,534798
1571,2021-01-14,0.938,medium,0.451,417583
1572,2021-07-06,0.933,medium,0.35,557682
1573,2023-10-11,0.933,medium,0.625,614965
1574,2023-06-02,0.932,medium,0.604,623290
1575,2016-09-30,0.931,medium,0.329,248154
1576,2019-05-08,0.93,medium,0.251,621509
1577,2016-04-06,0.93,medium,0.868,241958
1578,2015-07-21,0.93,medium,0.062,226216
1579,2024-01-12,0.93,medium,0.016,593445
1580,2023-05-22,0.928,medium,0.271,538203
1581,2016-11-30,0.927,medium,0.747,231494
1582,2024-06-14,0.926,medium,0.389,575674
1583,2015-01-20,0.924,medium,0.461,347445
1584,2024-03-25,0.923,medium,0.303,456250
1585,2016-11-07,0.919,medium,1.518,223773
1586,2015-08-19,0.917,medium,0.534,331472
1587,2016-06-16,0.917,medium,0.151,316194
1588,2019-08-20,0.916,medium,0.563,414176
1589,2016-02-12,0.916,medium,0.641,307347
1590,2021-06-15,0.914,medium,0.564,449355
1591,2019-07-17,0.914,medium,0.531,303890
1592,2021-12-29,0.912,medium,0.013,354985
1593,2023-12-18,0.909,medium,0.635,463438
1594,2018-01-17,0.909,medium,0.627,357653
1595,2021-08-10,0.908,medium,0.45,475298
1596,2017-08-30,0.908,medium,0.729,273971
1597,2016-03-16,0.905,medium,0.432,283358
1598,2019-12-06,0.905,medium,0.813,302782
1599,2021-09-08,0.904,medium,0.296,555387
1600,2023-08-07,0.904,medium,0.74,578299
1601,2023-08-30,0.903,medium,0.48,590194
1602,2015-06-10,0.903,medium,0.766,238886
1603,2018-05-24,0.902,medium,0.003,317340
1604,2019-09-16,0.902,medium,0.268,336745
1605,2019-12-10,0.901,medium,0.069,403364
1606,2024-03-21,0.899,medium,0.406,606959
1607,2019-05-28,0.898,medium,0.199,528983
1608,2023-04-17,0.898,medium,0.033,540742
1609,2024-06-13,0.897,medium,0.499,100790
1610,2018-03-08,0.896,medium,0.507,57504
1611,2017-12-29,0.896,medium,0.397,210114
1612,2015-03-30,0.894,medium,0.635,202012
1613,2015-10-07,0.894,medium,0.457,329985
1614,2023-04-21,0.893,medium,0.104,593982
1615,2015-07-30,0.893,medium,0.398,226285
1616,2024-10-16,0.892,medium,0.035,417571
1617,2024-03-26,0.892,medium,0.32,516507
1618,2018-08-22,0.892,medium,0.344,309493
1619,2016-06-10,0.892,medium,0.617,249334
1620,2019-03-15,0.892,medium,0.746,412124
1621,2021-07-07,0.891,medium,0.151,471450
1622,2023-05-19,0.89,medium,0.219,659819
1623,2020-12-07,0.89,medium,0.454,323774
1624,2017-08-14,0.888,medium,0.804,261541
1625,2018-06-26,0.888,medium,0.303,399009
1626,2016-11-08,0.888,medium,0.338,219987
1627,2015-08-10,0.887,medium,0.622,199353
1628,2015-09-14,0.887,medium,0.211,201299
1629,2019-12-04,0.887,medium,0.396,413647
1630,2023-08-01,0.886,medium,0.221,529660
1631,2024-08-20,0.885,medium,0.227,485435
1632,2016-04-13,0.883,medium,0.764,228380
1633,2023-07-10,0.883,medium,0.03,609953
1634,2021-06-24,0.882,medium,0.531,409864
1635,2024-11-12,0.88,medium,0.126,511372
1636,2018-08-29,0.879,medium,0.857,311623
1637,2018-05-17,0.879,medium,0.318,325159
1638,2015-12-08,0.878,medium,0.178,299288
1639,2024-10-28,0.878,medium,0.008,427114
1640,2020-02-11,0.877,medium,0.002,589570
1641,2023-08-28,0.877,medium,0.651,586342
1642,2017-07-18,0.876,medium,0.311,246038
1643,2021-07-22,0.876,medium,0.567,449261
1644,2016-01-05,0.875,medium,0.276,301175
1645,2017-07-12,0.875,medium,0.747,262329
1646,2024-02-28,0.874,medium,0.56,553731
1647,2015-04-20,0.873,medium,0.792,218236
1648,2019-09-12,0.872,medium,0.295,51999
1649,2021-08-11,0.872,medium,0.14,479700
1650,2021-10-19,0.871,medium,0.592,384792
1651,2021-07-14,0.871,medium,0.151,499191
1652,2016-05-20,0.871,medium,0.61,244244
1653,2019-02-08,0.867,medium,0.114,464342
1654,2024-12-03,0.866,medium,0.283,440253
1655,2021-09-24,0.865,medium,0.084,470511
1656,2021-08-31,0.864,medium,0.081,521129
1657,2021-01-21,0.863,medium,0.625,407706
1658,2016-02-23,0.862,medium,0.769,227805
1659,2024-03-11,0.862,medium,0.406,723527
1660,2019-02-14,0.86,medium,0.035,430944
1661,2018-09-26,0.859,medium,0.047,405833
1662,2015-07-27,0.859,medium,0.519,293740
1663,2018-09-21,0.858,medium,0.554,371830
1664,2018-01-25,0.857,medium,0.003,415464
1665,2019-01-14,0.856,medium,0.713,364990
1666,2020-02-19,0.856,medium,0.78,419130
1667,2024-05-08,0.855,medium,0.195,450639
1668,2020-12-16,0.855,medium,0.483,407269
1669,2015-05-12,0.854,medium,0.141,257296
1670,2024-09-13,0.854,medium,0.397,464291
1671,2018-04-16,0.853,medium,0.737,324486
1672,2017-04-05,0.853,medium,0.327,301129
1673,2019-07-01,0.852,medium,0.908,406594
1674,2024-01-26,0.852,medium,0.55,631481
1675,2017-09-27,0.852,medium,0.542,349282
1676,2016-04-11,0.851,medium,0.21,243297
1677,2019-10-31,0.851,medium,0.192,448458
1678,2016-05-06,0.851,medium,0.381,262686
1679,2015-08-17,0.851,medium,0.436,191979
1680,2018-06-08,0.85,medium,0.081,239658
1681,2015-07-28,0.848,medium,0.443,280667
1682,2024-11-22,0.847,medium,0.092,541554
1683,2019-07-30,0.847,medium,0.35,394698
1684,2018-03-14,0.846,medium,0.251,470283
1685,2018-07-26,0.846,medium,0.372,534684
1686,2016-04-21,0.845,medium,0.503,239652
1687,2015-01-07,0.845,medium,0.69,328184
1688,2020-01-23,0.843,low,0.436,616950
1689,2017-04-11,0.843,low,0.242,332142
1690,2016-09-13,0.842,low,0.51,460083
1691,2017-07-06,0.842,low,0.632,370735
1692,2020-02-12,0.84,low,0.795,454472
1693,2017-10-25,0.84,low,0.165,436671
1694,2019-09-23,0.839,low,0.187,348180
1695,2019-04-26,0.839,low,0.39,467051
1696,2015-11-24,0.838,low,0.127,230131
1697,2018-07-11,0.836,low,0.466,373366
1698,2016-03-07,0.835,low,0.306,246815
1699,2016-09-21,0.835,low,0.654,291231
1700,2019-02-27,0.834,low,0.04,367938
1701,2018-01-03,0.833,low,0.729,223243
1702,2019-11-07,0.833,low,0.21,366403
1703,2015-03-26,0.833,low,0.174,356229
1704,2021-08-12,0.831,low,0.329,384239
1705,2016-10-24,0.829,low,0.75,182257
1706,2024-10-11,0.829,low,0.094,379124
1707,2023-11-27,0.828,low,0.067,502555
1708,2015-10-21,0.828,low,0.343,289766
1709,2015-05-08,0.828,low,0.622,216447
1710,2018-05-10,0.828,low,0.695,292974
1711,2019-09-09,0.828,low,0.252,372953
1712,2020-02-06,0.827,low,0.605,592695
1713,2023-07-19,0.827,low,0.085,682279
1714,2023-12-15,0.826,low,0.359,668578
1715,2015-02-12,0.826,low,0.659,219353
1716,2015-03-13,0.824,low,0.307,313642
1717,2016-04-27,0.824,low,0.384,306378
1718,2018-08-17,0.823,low,0.012,366862
1719,2015-06-08,0.823,low,0.659,237404
1720,2024-01-04,0.822,low,0.504,559464
1721,2019-02-22,0.82,low,0.539,367501
1722,2021-04-30,0.82,low,0.617,555237
1723,2016-12-12,0.82,low,0.34,231016
1724,2023-08-31,0.82,low,0.208,584743
1725,2019-10-14,0.82,low,0.014,311101
1726,2019-04-25,0.819,low,0.46,488329
1727,2015-04-22,0.818,low,0.225,196846
1728,2021-04-27,0.817,low,0.347,412801
1729,2019-05-21,0.816,low,0.7,436744
1730,2016-05-02,0.816,low,0.507,221470
1731,2016-05-19,0.815,low,0.204,272694
1732,2015-05-01,0.815,low,0.799,197160
1733,2015-06-16,0.813,low,0.318,219413
1734,2021-11-05,0.813,low,0.109,525824
1735,2017-03-27,0.812,low,0.003,276499
1736,2019-05-22,0.812,low,0.329,455678
1737,2023-05-15,0.812,low,0.449,495940
1738,2016-09-29,0.81,low,0.303,306337
1739,2019-03-28,0.81,low,0.171,395579
1740,2015-02-06,0.809,low,0.276,253335
1741,2021-12-30,0.809,low,0.311,304259
1742,2017-01-06,0.806,low,0.522,183315
1743,2019-07-08,0.806,low,0.472,342228
1744,2016-09-27,0.805,low,0.58,227156
1745,2018-05-07,0.805,low,0.523,323768
1746,2024-04-29,0.805,low,0.299,528891
1747,2017-03-01,0.805,low,0.639,241769
1748,2015-08-28,0.803,low,0.068,322070
1749,2018-08-21,0.803,low,0.101,320662
1750,2024-06-21,0.802,low,0.227,590839
1751,2016-07-01,0.802,low,0.351,176656
1752,2020-08-04,0.802,low,0.3,395698
1753,2023-05-16,0.801,low,0.095,561834
1754,2015-10-06,0.799,low,0.287,264372
1755,2024-05-10,0.799,low,0.203,473881
1756,2017-08-24,0.799,low,0.084,372774
1757,2021-05-25,0.799,low,0.127,436157
1758,2017-12-06,0.798,low,0.228,363675
1759,2019-10-21,0.797,low,0.628,275031
1760,2016-03-02,0.795,low,0.115,265748
1761,2021-06-07,0.795,low,0.225,397545
1762,2021-04-06,0.795,low,0.094,457218
1763,2016-07-20,0.795,low,0.573,182311
1764,2016-06-03,0.795,low,0.307,225458
1765,2016-04-18,0.794,low,0.105,179869
1766,2016-11-03,0.792,low,0.545,280599
1767,2023-12-22,0.792,low,0.124,486853
1768,2021-02-11,0.791,low,0.517,495131
1769,2024-06-26,0.79,low,0.188,590175
1770,2015-04-28,0.79,low,0.116,283966
1771,2015-12-21,0.79,low,0.773,176610
1772,2019-06-19,0.79,low,0.27,409721
1773,2021-08-09,0.79,low,0.165,361388
1774,2015-12-02,0.79,low,0.281,231812
1775,2018-08-10,0.789,low,0.465,389778
1776,2024-05-20,0.789,low,0.626,470381
1777,2023-04-03,0.789,low,0.201,542896
1778,2015-02-03,0.789,low,0.427,283374
1779,2018-09-14,0.787,low,0.185,334597
1780,2018-06-18,0.786,low,0.054,291954
1781,2016-05-18,0.786,low,0.173,305289
1782,2017-11-21,0.786,low,0.677,216030
1783,2018-06-04,0.786,low,0.645,247834
1784,2018-05-16,0.785,low,0.472,274261
1785,2019-11-18,0.785,low,0.132,370609
1786,2018-06-29,0.785,low,0.062,396079
1787,2018-06-06,0.784,low,0.351,300300
1788,2016-03-08,0.784,low,0.403,293547
1789,2019-09-30,0.782,low,0.655,337872
1790,2021-12-31,0.782,low,0.569,363720
1791,2024-12-17,0.781,low,0.402,561896
1792,2024-05-28,0.78,low,0.313,642954
1793,2016-03-23,0.78,low,0.523,212040
1794,2021-04-07,0.78,low,0.211,434828
1795,2018-10-02,0.779,low,0.215,392577
1796,2021-11-01,0.779,low,0.297,411507
1797,2024-01-22,0.778,low,0.103,637245
1798,2019-05-24,0.777,low,0.044,407810
1799,2016-04-08,0.776,low,0.04,232565
1800,2021-07-01,0.776,low,0.003,436419
1801,2017-09-20,0.776,low,0.205,347504
1802,2019-02-26,0.775,low,0.08,362741
1803,2016-11-02,0.775,low,0.52,300313
1804,2016-03-04,0.775,low,0.031,289076
1805,2015-08-03,0.774,low,0.158,251564
1806,2024-10-24,0.773,low,0.743,462552
1807,2017-10-19,0.772,low,0.235,332212
1808,2023-12-26,0.771,low,0.545,292090
1809,2015-04-29,0.771,low,0.483,290967
1810,2015-12-07,0.77,low,0.158,224657
1811,2015-02-04,0.77,low,0.17,269497
1812,2016-05-13,0.77,low,0.146,249877
1813,2019-12-13,0.769,low,0.261,441547
1814,2016-08-26,0.769,low,0.045,281261
1815,2023-11-13,0.768,low,0.278,532937
1816,2019-12-16,0.766,low,0.747,311959
1817,2024-01-23,0.764,low,0.374,508078
1818,2015-06-05,0.764,low,0.2,232923
1819,2019-01-16,0.764,low,0.11,443742
1820,2018-05-30,0.764,low,0.429,303797
1821,2015-06-26,0.763,low,0.383,226373
1822,2017-06-16,0.762,low,0.289,356290
1823,2017-07-28,0.762,low,0.008,338476
1824,2018-05-21,0.762,low,0.422,293370
1825,2016-02-19,0.761,low,0.083,229019
1826,2018-01-12,0.761,low,0.499,288871
1827,2017-11-02,0.76,low,0.054,356528
1828,2020-01-09,0.759,low,0.547,457262
1829,2016-03-22,0.759,low,0.244,190219
1830,2019-11-01,0.759,low,0.638,348326
1831,2020-10-08,0.757,low,0.48,403379
1832,2020-01-10,0.757,low,0.26,472166
1833,2015-03-20,0.757,low,0.339,210568
1834,2016-09-19,0.755,low,0.254,235031
1835,2023-07-24,0.753,low,0.119,561877
1836,2019-04-01,0.751,low,0.948,412914
1837,2018-05-18,0.75,low,0.321,314569
1838,2019-07-02,0.75,low,0.452,297574
1839,2017-09-15,0.75,low,0.272,268013
1840,2015-03-31,0.749,low,0.584,224928
1841,2017-04-27,0.749,low,0.635,194734
1842,2024-06-10,0.747,low,0.347,571666
1843,2016-05-03,0.746,low,0.467,270601
1844,2016-11-16,0.746,low,0.22,195711
1845,2023-11-08,0.745,low,0.07,547842
1846,2019-02-11,0.745,low,0.025,384589
1847,2016-10-13,0.745,low,0.223,297938
1848,2020-12-23,0.743,low,0.378,358011
1849,2018-06-22,0.743,low,0.147,322915
1850,2016-11-21,0.743,low,0.577,167542
1851,2017-10-23,0.742,low,0.507,247882
1852,2023-09-18,0.742,low,0.127,509746
1853,2020-06-03,0.741,low,0.296,376694
1854,2018-07-10,0.74,low,0.012,286748
1855,2016-12-28,0.739,low,0.469,136664
1856,2019-11-25,0.738,low,0.859,259485
1857,2024-12-12,0.736,low,0.62,501393
1858,2019-07-29,0.736,low,0.17,301214
1859,2017-10-05,0.736,low,0.681,254723
1860,2018-01-05,0.736,low,0.665,214944
1861,2017-05-01,0.734,low,0.58,166028
1862,2017-01-30,0.733,low,0.463,249340
1863,2018-08-24,0.733,low,0.683,278682
1864,2019-06-21,0.73,low,0.2,379078
1865,2021-11-11,0.73,low,0.224,434778
1866,2017-08-21,0.73,low,0.082,360383
1867,2015-12-10,0.73,low,0.372,108319
1868,2017-12-11,0.729,low,0.611,253958
1869,2017-03-22,0.728,low,0.327,335865
1870,2019-02-20,0.728,low,0.05,418267
1871,2017-08-08,0.728,low,0.178,305079
1872,2019-04-04,0.727,low,0.198,432440
1873,2019-10-28,0.727,low,0.541,309114
1874,2017-05-25,0.727,low,0.576,239940
1875,2020-01-29,0.726,low,0.057,578408
1876,2017-08-31,0.725,low,0.619,273833
1877,2019-04-22,0.725,low,0.21,253668
1878,2017-06-02,0.724,low,0.719,298205
1879,2017-06-30,0.724,low,0.003,336513
1880,2017-03-28,0.724,low,0.308,245032
1881,2021-02-05,0.723,low,0.307,431935
1882,2018-03-15,0.723,low,0.124,287434
1883,2018-10-01,0.723,low,0.191,358159
1884,2016-10-18,0.723,low,0.302,205551
1885,2016-06-20,0.722,low,0.411,195423
1886,2016-10-28,0.722,low,0.013,325145
1887,2019-11-22,0.721,low,0.054,344497
1888,2015-06-04,0.719,low,0.412,285057
1889,2018-09-19,0.719,low,0.019,407425
1890,2018-06-15,0.719,low,0.29,364647
1891,2019-06-27,0.718,low,0.384,310126
1892,2021-11-08,0.718,low,0.125,414326
1893,2019-07-23,0.717,low,0.545,357765
1894,2016-07-14,0.717,low,0.377,191874
1895,2019-12-09,0.717,low,0.394,292419
1896,2017-09-08,0.717,low,0.59,243700
1897,2019-07-16,0.717,low,0.406,303702
1898,2023-05-08,0.714,low,0.217,506054
1899,2016-03-30,0.714,low,0.316,222490
1900,2018-04-18,0.714,low,0.15,298181
1901,2016-03-17,0.713,low,0.064,269816
1902,2015-04-03,0.711,low,0.606,11754
1903,2021-11-19,0.71,low,0.483,549031
1904,2024-03-04,0.71,low,0.377,569342
1905,2020-01-21,0.709,low,0.04,532160
1906,2017-04-20,0.709,low,0.531,231392
1907,2015-10-13,0.709,low,0.457,232729
1908,2017-07-31,0.708,low,0.31,280483
1909,2015-10-30,0.707,low,0.241,211241
1910,2016-05-11,0.707,low,0.546,208025
1911,2017-08-18,0.707,low,0.011,443313
1912,2015-08-07,0.706,low,0.076,249232
1913,2021-09-02,0.705,low,0.045,463636
1914,2024-07-09,0.705,low,0.085,569689
1915,2016-08-05,0.705,low,0.502,180947
1916,2017-07-10,0.704,low,0.439,241360
1917,2023-05-01,0.704,low,0.085,487908
1918,2020-02-07,0.703,low,0.376,592695
1919,2020-12-29,0.701,low,0.053,393995
1920,2015-04-08,0.701,low,0.553,225547
1921,2021-09-09,0.7,low,0.326,387522
1922,2017-08-09,0.7,low,0.05,377648
1923,2015-12-22,0.698,low,0.368,166650
1924,2015-02-11,0.698,low,0.281,207031
1925,2021-10-20,0.698,low,0.115,451735
1926,2016-07-15,0.698,low,0.141,171716
1927,2024-05-17,0.697,low,0.073,489227
1928,2016-10-14,0.697,low,0.105,237878
1929,2023-06-06,0.696,low,0.013,572806
1930,2018-01-31,0.696,low,0.211,413798
1931,2015-11-05,0.696,low,0.184,246167
1932,2021-08-02,0.695,low,0.017,446142
1933,2016-03-03,0.694,low,0.122,202256
1934,2018-07-09,0.694,low,0.652,269931
1935,2015-06-01,0.694,low,0.139,216323
1936,2018-06-13,0.694,low,0.047,354039
1937,2021-11-02,0.694,low,0.356,418550
1938,2023-11-28,0.693,low,0.216,598224
1939,2019-09-13,0.693,low,0.318,316298
1940,2017-12-19,0.693,low,0.362,272966
1941,2017-12-20,0.692,low,0.124,276115
1942,2024-04-08,0.692,low,0.054,521042
1943,2019-12-31,0.691,low,0.16,284519
1944,2023-07-31,0.69,low,0.055,523896
1945,2024-02-26,0.69,low,0.07,526169
1946,2021-04-28,0.689,low,0.362,501596
1947,2021-10-15,0.689,low,0.541,442893
1948,2017-11-15,0.688,low,0.292,399624
1949,2015-11-23,0.688,low,0.178,163322
1950,2015-05-20,0.688,low,0.057,170963
1951,2018-08-16,0.688,low,0.145,348395
1952,2023-11-06,0.687,low,0.309,496129
1953,2024-05-09,0.685,low,0.27,471196
1954,2015-06-09,0.685,low,0.01,226086
1955,2019-02-01,0.684,low,0.377,461403
1956,2019-01-24,0.683,low,0.102,446822
1957,2021-08-06,0.682,low,0.401,425074
1958,2019-03-19,0.682,low,0.154,427134
1959,2016-05-05,0.681,low,0.129,221674
1960,2015-06-15,0.681,low,0.258,264706
1961,2023-05-11,0.68,low,0.232,653399
1962,2016-12-27,0.68,low,0.237,100365
1963,2018-03-06,0.68,low,0.305,415228
1964,2015-06-02,0.679,low,0.246,222449
1965,2016-11-17,0.679,low,0.576,190166
1966,2017-09-21,0.679,low,0.369,343404
1967,2018-05-08,0.678,low,0.056,370356
1968,2017-04-25,0.677,low,0.516,172850
1969,2016-05-04,0.677,low,0.336,235256
1970,2021-09-03,0.676,low,0.273,462870
1971,2019-06-17,0.676,low,0.543,291514
1972,2019-06-12,0.676,low,0.433,388858
1973,2017-07-14,0.675,low,0.516,230871
1974,2017-01-12,0.674,low,0.145,212324
1975,2019-10-17,0.674,low,0.039,437753
1976,2016-08-24,0.673,low,0.392,190472
1977,2018-01-29,0.672,low,0.376,407157
1978,2016-12-19,0.672,low,0.288,146138
1979,2017-10-26,0.671,low,0.222,320283
1980,2015-12-30,0.671,low,0.578,117427
1981,2019-02-06,0.671,low,0.124,376560
1982,2020-01-14,0.671,low,0.217,553343
1983,2019-06-14,0.67,low,0.426,253169
1984,2019-11-08,0.669,low,0.241,326871
1985,2015-07-01,0.669,low,0.428,191161
1986,2018-08-20,0.669,low,0.007,286070
1987,2020-11-25,0.668,low,0.509,386232
1988,2018-08-27,0.667,low,0.688,280533
1989,2019-04-10,0.667,low,0.457,332696
1990,2018-08-30,0.666,low,0.186,390929
1991,2018-09-10,0.666,low,0.209,418797
1992,2021-06-29,0.665,low,0.29,360169
1993,2016-12-02,0.664,low,0.026,235325
1994,2020-01-22,0.664,low,0.217,519015
1995,2024-06-18,0.663,low,0.016,578901
1996,2015-05-21,0.663,low,0.309,123530
1997,2018-01-11,0.662,low,0.507,228872
1998,2021-06-02,0.662,low,0.151,371449
1999,2019-02-25,0.662,low,0.374,346624
2000,2015-07-23,0.661,low,0.039,211215
2001,2024-03-22,0.661,low,0.064,511962
2002,2016-11-23,0.661,low,0.319,159650
2003,2016-09-26,0.661,low,0.526,209587
2004,2015-10-27,0.659,low,0.209,217939
2005,2020-01-16,0.659,low,0.617,438669
2006,2021-11-17,0.659,low,0.056,455992
2007,2020-08-28,0.659,low,0.263,489066
2008,2024-02-27,0.658,low,0.221,567818
2009,2019-03-01,0.658,low,0.533,383198
2010,2019-09-17,0.658,low,0.326,331358
2011,2015-02-20,0.658,low,0.333,235154
2012,2019-10-24,0.657,low,0.249,348318
2013,2017-11-01,0.657,low,0.097,346061
2014,2018-05-22,0.654,low,0.066,269992
2015,2016-10-04,0.654,low,0.104,276978
2016,2019-12-26,0.654,low,0.645,170684
2017,2018-05-31,0.654,low,0.103,389141
2018,2015-04-09,0.654,low,0.331,201439
2019,2016-06-14,0.653,low,0.01,323188
2020,2018-03-20,0.653,low,0.033,401041
2021,2021-09-01,0.652,low,0.145,465488
2022,2018-08-14,0.652,low,0.392,305390
2023,2015-11-03,0.652,low,0.233,186758
2024,2017-11-03,0.651,low,0.589,301691
2025,2015-11-10,0.649,low,0.127,241859
2026,2015-10-14,0.649,low,0.2,284807
2027,2017-08-25,0.648,low,0.175,300167
2028,2019-04-08,0.647,low,0.183,333328
2029,2015-11-06,0.647,low,0.1,276682
2030,2015-11-11,0.646,low,0.147,221698
2031,2019-11-12,0.645,low,0.227,316729
2032,2017-09-11,0.645,low,0.736,261152
2033,2015-04-14,0.644,low,0.074,220750
2034,2016-04-04,0.643,low,0.374,189635
2035,2015-01-26,0.643,low,0.031,187612
2036,2019-12-19,0.642,low,0.46,307870
2037,2019-12-27,0.642,low,0.181,322888
2038,2019-03-06,0.641,low,0.54,444302
2039,2019-07-11,0.64,low,0.093,407894
2040,2015-08-13,0.64,low,0.215,234832
2041,2024-11-08,0.639,low,0.029,401943
2042,2015-09-16,0.638,low,0.406,214900
2043,2024-05-21,0.638,low,0.177,426117
2044,2015-05-29,0.638,low,0.421,197740
2045,2017-01-03,0.637,low,0.532,215983
2046,2023-11-17,0.637,low,0.01,562424
2047,2019-01-11,0.635,low,0.131,364787
2048,2019-07-03,0.635,low,0.459,209604
2049,2016-11-29,0.634,low,0.177,175916
2050,2017-05-22,0.634,low,0.558,198203
2051,2017-01-31,0.633,low,0.144,214696
2052,2020-08-05,0.633,low,0.041,348822
2053,2021-04-16,0.632,low,0.092,500612
2054,2020-12-31,0.632,low,0.28,280573
2055,2019-11-04,0.631,low,0.503,325479
2056,2015-06-25,0.631,low,0.086,175329
2057,2017-12-26,0.63,low,0.25,135130
2058,2018-06-11,0.63,low,0.192,277093
2059,2021-01-22,0.629,low,0.209,407706
2060,2017-12-08,0.629,low,0.179,244209
2061,2017-04-07,0.628,low,0.018,243807
2062,2016-07-11,0.628,low,0.425,182422
2063,2020-12-03,0.628,low,0.052,376884
2064,2015-05-18,0.628,low,0.246,128602
2065,2015-12-28,0.628,low,0.036,113567
2066,2017-09-06,0.628,low,0.175,335781
2067,2017-06-20,0.627,low,0.378,301241
2068,2024-05-16,0.627,low,0.205,548582
2069,2017-05-31,0.627,low,0.014,332645
2070,2017-07-11,0.627,low,0.297,283454
2071,2017-09-07,0.627,low,0.169,77080
2072,2023-12-19,0.626,low,0.44,496518
2073,2017-05-19,0.626,low,0.262,292202
2074,2016-09-06,0.625,low,0.41,208188
2075,2015-07-22,0.625,low,0.646,235343
2076,2018-06-12,0.625,low,0.297,276477
2077,2019-10-29,0.624,low,0.362,351246
2078,2017-08-01,0.624,low,0.076,229005
2079,2019-03-29,0.624,low,0.472,395579
2080,2015-03-03,0.623,low,0.274,198589
2081,2016-09-22,0.623,low,0.458,196512
2082,2021-08-26,0.623,low,0.492,564382
2083,2019-11-14,0.623,low,0.002,381593
2084,2015-05-04,0.621,low,0.117,191856
2085,2016-04-20,0.62,low,0.119,193071
2086,2015-04-24,0.62,low,0.635,204737
2087,2016-05-25,0.619,low,0.393,253726
2088,2016-10-07,0.619,low,0.164,281205
2089,2019-05-30,0.619,low,0.388,540433
2090,2017-04-13,0.618,low,0.163,278784
2091,2021-08-04,0.618,low,0.152,445703
2092,2019-03-12,0.617,low,0.416,419767
2093,2016-06-02,0.617,low,0.142,179288
2094,2017-08-28,0.616,low,0.222,216424
2095,2018-01-23,0.616,low,0.349,336204
2096,2018-05-25,0.615,low,0.03,317340
2097,2020-01-15,0.615,low,0.021,497100
2098,2016-10-20,0.614,low,0.171,248117
2099,2015-04-27,0.614,low,0.06,224600
2100,2019-04-17,0.614,low,0.097,463944
2101,2018-08-23,0.613,low,0.084,356371
2102,2017-04-17,0.613,low,0.43,148626
2103,2017-01-25,0.613,low,0.614,153214
2104,2021-02-09,0.612,low,0.017,367116
2105,2019-11-21,0.612,low,0.155,344497
2106,2018-08-01,0.612,low,0.315,370601
2107,2016-07-26,0.612,low,0.13,209762
2108,2023-05-09,0.611,low,0.552,552248
2109,2015-11-30,0.611,low,0.178,179766
2110,2016-09-14,0.61,low,0.058,358383
2111,2015-07-17,0.61,low,0.684,187930
2112,2017-04-03,0.61,low,0.047,264740
2113,2018-07-20,0.61,low,0.075,302839
2114,2021-05-28,0.609,low,0.127,366218
2115,2023-11-16,0.609,low,0.046,634456
2116,2019-11-06,0.609,low,0.032,314414
2117,2017-06-13,0.608,low,0.455,379343
2118,2017-03-15,0.608,low,0.399,248409
2119,2021-05-27,0.608,low,0.21,388603
2120,2020-12-17,0.607,low,0.515,388925
2121,2015-10-09,0.606,low,0.2,208829
2122,2021-06-09,0.604,low,0.016,375099
2123,2018-01-10,0.603,low,0.101,320261
2124,2015-11-17,0.602,low,0.128,269684
2125,2017-02-23,0.602,low,0.226,240394
2126,2021-04-12,0.601,low,0.124,453968
2127,2015-07-14,0.6,low,0.392,156246
2128,2018-03-12,0.6,low,0.409,349430
2129,2016-04-05,0.599,low,0.408,218944
2130,2016-09-08,0.599,low,0.404,77851
2131,2015-06-17,0.599,low,0.033,225073
2132,2019-12-05,0.599,low,0.126,302782
2133,2017-12-07,0.598,low,0.321,72016
2134,2018-08-06,0.598,low,0.404,250166
2135,2016-03-21,0.597,low,0.289,169724
2136,2019-02-19,0.596,low,0.045,386613
2137,2016-12-16,0.596,low,0.238,185358
2138,2015-06-12,0.596,low,0.491,191899
2139,2017-11-14,0.595,low,0.198,342800
2140,2019-11-19,0.595,low,0.072,373942
2141,2015-10-19,0.595,low,0.264,202407
2142,2016-03-28,0.595,low,0.104,133720
2143,2020-12-24,0.594,low,0.343,173464
2144,2017-06-23,0.593,low,0.3,213552
2145,2018-07-19,0.593,low,0.355,321505
2146,2019-04-18,0.592,low,0.215,393586
2147,2020-01-07,0.591,low,0.047,510004
2148,2015-03-11,0.591,low,0.324,260964
2149,2016-12-14,0.588,low,0.063,290773
2150,2019-06-24,0.588,low,0.068,260978
2151,2019-06-28,0.587,low,0.031,310126
2152,2019-12-11,0.587,low,0.372,304183
2153,2018-10-03,0.587,low,0.113,394538
2154,2021-02-08,0.586,low,0.515,393927
2155,2016-07-18,0.584,low,0.379,183261
2156,2016-09-01,0.584,low,0.048,248348
2157,2021-07-12,0.583,low,0.332,362608
2158,2016-04-25,0.582,low,0.087,172474
2159,2017-09-29,0.582,low,0.489,275661
2160,2018-05-14,0.582,low,0.141,255900
2161,2019-04-29,0.582,low,0.247,320324
2162,2019-02-13,0.581,low,0.023,359971
2163,2019-02-28,0.581,low,0.192,383198
2164,2017-12-13,0.58,low,0.151,324688
2165,2024-05-07,0.579,low,0.02,469722
2166,2016-10-25,0.579,low,0.211,184984
2167,2015-06-19,0.579,low,0.411,162664
2168,2016-06-22,0.578,low,0.077,190665
2169,2017-02-15,0.577,low,0.407,168262
2170,2016-03-09,0.577,low,0.328,238221
2171,2015-10-16,0.576,low,0.309,207248
2172,2023-11-24,0.576,low,0.155,296604
2173,2016-11-04,0.574,low,0.217,264048
2174,2019-03-05,0.573,low,0.196,364928
2175,2015-04-07,0.572,low,0.112,171692
2176,2021-08-05,0.572,low,0.524,341554
2177,2020-02-14,0.572,low,0.155,489387
2178,2024-12-05,0.572,low,0.279,414251
2179,2019-04-15,0.572,low,0.043,322483
2180,2016-12-09,0.569,low,0.391,171196
2181,2020-12-30,0.569,low,0.003,334304
2182,2016-06-13,0.569,low,0.524,318359
2183,2017-10-02,0.568,low,0.022,269518
2184,2020-12-04,0.567,low,0.415,321796
2185,2015-04-13,0.566,low,0.155,171930
2186,2019-04-11,0.566,low,0.228,346210
2187,2018-09-28,0.566,low,0.019,381496
2188,2017-09-18,0.565,low,0.094,235721
2189,2015-10-20,0.564,low,0.398,200211
2190,2017-03-24,0.563,low,0.288,294980
2191,2018-01-19,0.563,low,0.333,324203
2192,2019-03-18,0.563,low,0.171,366874
2193,2019-11-15,0.562,low,0.478,367145
2194,2015-03-12,0.559,low,0.321,108665
2195,2015-02-13,0.559,low,0.438,190386
2196,2017-04-06,0.558,low,0.077,287867
2197,2017-09-26,0.557,low,0.179,343472
2198,2015-02-19,0.556,low,0.368,168236
2199,2016-09-02,0.554,low,0.226,227919
2200,2019-11-13,0.554,low,0.083,382042
2201,2017-07-24,0.554,low,0.17,195018
2202,2017-08-15,0.553,low,0.022,249827
2203,2021-09-07,0.55,low,0.125,542055
2204,2019-11-27,0.547,low,0.479,242603
2205,2016-07-28,0.547,low,0.155,220001
2206,2017-01-05,0.546,low,0.356,169565
2207,2017-10-10,0.544,low,0.008,238961
2208,2016-12-15,0.544,low,0.028,249163
2209,2015-06-30,0.543,low,0.165,304509
2210,2017-02-24,0.542,low,0.134,211944
2211,2018-07-18,0.542,low,0.166,267804
2212,2015-05-13,0.541,low,0.04,200865
2213,2019-04-05,0.541,low,0.408,358710
2214,2015-06-24,0.541,low,0.338,165445
2215,2015-04-15,0.541,low,0.323,170496
2216,2017-01-24,0.54,low,0.403,141578
2217,2015-04-21,0.538,low,0.283,190749
2218,2024-05-13,0.538,low,0.203,411036
2219,2016-10-26,0.534,low,0.407,234117
2220,2017-10-30,0.532,low,0.097,360344
2221,2016-10-31,0.532,low,0.118,199169
2222,2016-10-12,0.531,low,0.171,234222
2223,2017-08-16,0.53,low,0.128,293910
2224,2015-06-22,0.53,low,0.438,157035
2225,2019-09-06,0.529,low,0.021,356484
2226,2021-07-26,0.529,low,0.11,391517
2227,2017-08-03,0.529,low,0.232,289423
2228,2017-11-06,0.529,low,0.246,218392
2229,2024-02-08,0.526,low,0.134,471370
2230,2015-08-18,0.526,low,0.274,164755
2231,2016-06-15,0.526,low,0.168,245562
2232,2019-04-09,0.525,low,0.288,389517
2233,2016-09-23,0.525,low,0.375,197323
2234,2016-03-14,0.524,low,0.179,203722
2235,2015-06-03,0.524,low,0.325,190316
2236,2015-03-04,0.523,low,0.164,210995
2237,2016-05-09,0.522,low,0.102,206931
2238,2015-12-01,0.52,low,0.615,228425
2239,2019-03-14,0.519,low,0.288,361924
2240,2017-04-12,0.519,low,0.344,251108
2241,2017-02-03,0.518,low,0.293,181444
2242,2024-06-06,0.517,low,0.067,524900
2243,2017-03-08,0.517,low,0.157,221615
2244,2018-03-16,0.516,low,0.264,287434
2245,2019-12-20,0.516,low,0.324,307870
2246,2017-09-01,0.515,low,0.028,229855
2247,2019-07-12,0.515,low,0.382,299817
2248,2018-05-11,0.515,low,0.05,263016
2249,2015-07-20,0.514,low,0.277,169781
2250,2018-08-08,0.512,low,0.055,250480
2251,2019-04-12,0.512,low,0.333,346210
2252,2015-11-20,0.509,low,0.383,177125
2253,2018-08-03,0.509,low,0.157,298355
2254,2015-05-11,0.507,low,0.235,170514
2255,2016-08-01,0.504,low,0.228,199516
2256,2017-01-11,0.503,low,0.188,218752
2257,2017-06-06,0.502,low,0.196,257087
2258,2017-02-17,0.501,low,0.302,170805
2259,2018-09-25,0.501,low,0.088,318332
2260,2015-11-27,0.499,low,0.068,105382
2261,2015-08-04,0.499,low,0.28,253010
2262,2019-11-11,0.498,low,0.068,229844
2263,2015-11-04,0.498,low,0.032,231004
2264,2017-06-08,0.498,low,0.064,100340
2265,2017-04-19,0.497,low,0.101,213579
2266,2019-11-26,0.496,low,0.216,285726
2267,2015-01-23,0.495,low,0.031,227200
2268,2016-10-05,0.495,low,0.202,182962
2269,2016-08-30,0.495,low,0.22,186259
2270,2017-06-22,0.495,low,0.116,233021
2271,2019-11-05,0.495,low,0.045,305795
2272,2015-03-02,0.494,low,0.462,185330
2273,2015-03-24,0.494,low,0.104,184226
2274,2016-10-10,0.494,low,0.432,159238
2275,2015-03-27,0.494,low,0.205,209529
2276,2017-01-04,0.494,low,0.342,171952
2277,2020-01-17,0.494,low,0.342,438669
2278,2024-07-08,0.492,low,0.177,497107
2279,2017-01-10,0.491,low,0.114,153774
2280,2018-06-05,0.491,low,0.305,256212
2281,2017-06-01,0.49,low,0.324,266069
2282,2021-06-23,0.49,low,0.028,366489
2283,2019-07-26,0.489,low,0.35,322305
2284,2019-10-16,0.489,low,0.104,347550
2285,2015-03-17,0.488,low,0.241,260406
2286,2015-12-23,0.488,low,0.206,147737
2287,2017-04-24,0.488,low,0.727,212519
2288,2015-10-26,0.487,low,0.062,184127
2289,2017-01-23,0.486,low,0.065,181150
2290,2017-04-04,0.485,low,0.112,195119
2291,2016-03-24,0.484,low,0.024,196013
2292,2016-08-17,0.481,low,0.07,197778
2293,2021-08-13,0.48,low,0.263,364520
2294,2016-07-27,0.48,low,0.569,230410
2295,2017-08-23,0.478,low,0.342,301682
2296,2016-11-18,0.477,low,0.254,168797
2297,2015-10-12,0.476,low,0.21,132675
2298,2016-03-15,0.476,low,0.02,226022
2299,2023-07-03,0.474,low,0.157,265064
2300,2017-01-19,0.472,low,0.012,185603
2301,2017-01-20,0.471,low,0.059,216184
2302,2017-11-13,0.471,low,0.029,229366
2303,2016-03-18,0.471,low,0.024,240454
2304,2021-06-25,0.47,low,0.089,379758
2305,2019-04-24,0.47,low,0.091,387633
2306,2017-12-21,0.47,low,0.034,211561
2307,2017-11-08,0.469,low,0.272,218248
2308,2015-07-29,0.468,low,0.119,222563
2309,2019-04-02,0.468,low,0.2,359192
2310,2019-07-15,0.468,low,0.247,247176
2311,2016-11-28,0.467,low,0.095,143185
2312,2016-07-22,0.467,low,0.247,152974
2313,2017-12-18,0.466,low,0.385,220351
2314,2017-02-02,0.464,low,0.214,209875
2315,2016-10-03,0.464,low,0.057,177125
2316,2015-08-14,0.464,low,0.192,167712
2317,2017-07-20,0.463,low,0.078,265354
2318,2016-07-12,0.463,low,0.266,190097
2319,2017-11-17,0.463,low,0.296,275846
2320,2016-07-21,0.462,low,0.159,181960
2321,2018-08-31,0.461,low,0.115,346901
2322,2019-11-29,0.46,low,0.33,242603
2323,2023-12-28,0.46,low,0.119,357702
2324,2021-06-30,0.46,low,0.08,384458
2325,2017-02-07,0.459,low,0.231,164423
2326,2017-02-14,0.459,low,0.201,166904
2327,2017-05-11,0.459,low,0.054,238806
2328,2016-06-01,0.459,low,0.036,194470
2329,2018-07-13,0.456,low,0.099,279818
2330,2017-07-21,0.455,low,0.072,254484
2331,2016-06-07,0.453,low,0.149,155623
2332,2015-02-26,0.452,low,0.335,193611
2333,2024-03-28,0.452,low,0.142,515193
2334,2016-12-22,0.45,low,0.163,110522
2335,2017-09-14,0.45,low,0.424,283913
2336,2016-07-07,0.45,low,0.17,184871
2337,2016-05-23,0.45,low,0.132,167178
2338,2016-08-11,0.449,low,0.236,147601
2339,2016-10-06,0.448,low,0.019,187196
2340,2017-04-10,0.448,low,0.012,197534
2341,2018-08-09,0.448,low,0.038,236834
2342,2023-04-07,0.447,low,0.0,41224
2343,2015-07-02,0.446,low,0.091,155244
2344,2017-03-16,0.446,low,0.05,187337
2345,2017-03-02,0.445,low,0.252,206020
2346,2015-03-09,0.445,low,0.115,217756
2347,2018-08-07,0.445,low,0.319,260630
2348,2015-04-02,0.444,low,0.079,168845
2349,2017-08-07,0.443,low,0.402,165201
2350,2016-03-31,0.442,low,0.076,190526
2351,2016-08-08,0.441,low,0.048,132186
2352,2021-05-26,0.438,low,0.266,343069
2353,2017-12-14,0.438,low,0.087,288903
2354,2019-04-16,0.438,low,0.301,373199
2355,2017-03-14,0.438,low,0.163,235023
2356,2017-06-07,0.437,low,0.185,274935
2357,2016-10-21,0.434,low,0.006,188661
2358,2016-04-14,0.432,low,0.02,163850
2359,2017-11-28,0.431,low,0.074,307329
2360,2015-06-11,0.43,low,0.023,93865
2361,2017-03-09,0.43,low,0.045,48313
2362,2017-02-01,0.43,low,0.437,237364
2363,2016-06-09,0.43,low,0.086,61578
2364,2016-06-06,0.429,low,0.218,164530
2365,2015-03-05,0.429,low,0.07,185176
2366,2017-11-10,0.428,low,0.056,266728
2367,2018-01-18,0.427,low,0.109,314511
2368,2015-02-25,0.427,low,0.181,173941
2369,2015-07-31,0.427,low,0.135,214679
2370,2017-10-20,0.426,low,0.145,222217
2371,2017-10-31,0.425,low,0.275,239132
2372,2016-05-26,0.425,low,0.233,163693
2373,2017-05-05,0.425,low,0.259,166263
2374,2015-04-16,0.424,low,0.087,162971
2375,2017-05-09,0.424,low,0.238,194000
2376,2017-03-06,0.422,low,0.131,166727
2377,2017-08-04,0.422,low,0.089,256730
2378,2015-02-09,0.422,low,0.183,198223
2379,2016-08-10,0.421,low,0.131,141495
2380,2017-01-17,0.42,low,0.259,198098
2381,2017-02-13,0.418,low,0.392,144520
2382,2016-04-15,0.415,low,0.102,171811
2383,2018-01-09,0.412,low,0.01,272445
2384,2017-09-28,0.412,low,0.028,268097
2385,2016-08-04,0.411,low,0.199,167881
2386,2017-09-12,0.409,low,0.152,296518
2387,2021-08-24,0.409,low,0.28,365577
2388,2015-04-10,0.407,low,0.209,126565
2389,2016-12-08,0.407,low,0.275,55427
2390,2023-12-27,0.407,low,0.156,424302
2391,2016-05-31,0.406,low,0.188,209605
2392,2017-02-08,0.406,low,0.176,166260
2393,2017-11-20,0.406,low,0.029,203721
2394,2016-08-29,0.405,low,0.096,146925
2395,2016-08-19,0.404,low,0.019,194623
2396,2016-12-29,0.404,low,0.066,121556
2397,2017-07-19,0.402,low,0.397,233290
2398,2016-08-03,0.402,low,0.18,170596
2399,2019-12-18,0.402,low,0.136,292213
2400,2015-07-15,0.4,low,0.252,187307
2401,2015-05-19,0.399,low,0.08,127690
2402,2017-02-09,0.399,low,0.254,157897
2403,2017-10-04,0.398,low,0.066,236714
2404,2015-05-15,0.397,low,0.02,140746
2405,2017-02-21,0.396,low,0.215,192758
2406,2017-07-13,0.393,low,0.133,240958
2407,2017-02-28,0.393,low,0.182,168037
2408,2021-06-11,0.393,low,0.208,229413
2409,2015-11-19,0.393,low,0.098,217266
2410,2016-09-16,0.391,low,0.006,285889
2411,2018-01-04,0.39,low,0.198,254577
2412,2017-03-07,0.39,low,0.134,180791
2413,2017-10-13,0.389,low,0.274,178530
2414,2017-10-24,0.389,low,0.162,235526
2415,2016-09-20,0.388,low,0.054,195027
2416,2016-08-09,0.386,low,0.16,134336
2417,2015-02-24,0.386,low,0.077,163047
2418,2018-01-08,0.386,low,0.209,198494
2419,2017-03-29,0.386,low,0.366,173940
2420,2017-12-12,0.385,low,0.138,296047
2421,2016-11-25,0.385,low,0.24,75485
2422,2016-08-15,0.384,low,0.235,130170
2423,2017-11-24,0.384,low,0.254,118443
2424,2017-09-22,0.384,low,0.106,272649
2425,2015-12-24,0.383,low,0.056,62054
2426,2017-03-10,0.382,low,0.184,262456
2427,2017-05-12,0.38,low,0.209,186832
2428,2017-03-20,0.378,low,0.118,144687
2429,2017-11-07,0.377,low,0.027,284157
2430,2016-10-17,0.375,low,0.013,179668
2431,2017-10-06,0.374,low,0.016,232608
2432,2017-03-31,0.374,low,0.012,166661
2433,2015-02-27,0.373,low,0.258,173304
2434,2017-12-28,0.372,low,0.082,138254
2435,2017-03-23,0.372,low,0.134,269772
2436,2016-10-19,0.371,low,0.041,148339
2437,2016-06-21,0.369,low,0.138,194521
2438,2016-08-23,0.369,low,0.067,160448
2439,2016-12-06,0.367,low,0.08,185123
2440,2017-07-17,0.365,low,0.132,217890
2441,2016-08-22,0.362,low,0.06,196397
2442,2016-09-28,0.36,low,0.095,208679
2443,2017-12-22,0.36,low,0.089,154620
2444,2017-10-11,0.359,low,0.189,180901
2445,2015-10-29,0.358,low,0.156,184529
2446,2016-08-16,0.357,low,0.308,156061
2447,2016-08-31,0.355,low,0.029,198477
2448,2017-12-27,0.354,low,0.063,158481
2449,2016-07-29,0.354,low,0.09,207360
2450,2017-05-16,0.353,low,0.262,183423
2451,2017-04-18,0.352,low,0.071,246219
2452,2021-08-25,0.351,low,0.048,405227
2453,2016-11-22,0.35,low,0.262,157465
2454,2017-05-04,0.349,low,0.144,223464
2455,2017-02-27,0.348,low,0.051,153779
2456,2016-06-08,0.347,low,0.063,172285
2457,2017-03-03,0.347,low,0.086,176727
2458,2017-01-13,0.345,low,0.327,136613
2459,2017-07-26,0.345,low,0.159,190190
2460,2017-01-27,0.344,low,0.18,138335
2461,2015-06-23,0.344,low,0.112,116969
2462,2016-09-07,0.343,low,0.016,193455
2463,2017-05-23,0.342,low,0.108,219010
2464,2016-07-13,0.342,low,0.112,190027
2465,2017-02-16,0.341,low,0.114,209931
2466,2015-05-28,0.341,low,0.007,152018
2467,2017-07-25,0.34,low,0.003,237095
2468,2015-03-23,0.339,low,0.141,149739
2469,2016-07-25,0.337,low,0.045,146154
2470,2017-10-12,0.335,low,0.085,200082
2471,2017-01-09,0.334,low,0.223,148112
2472,2017-05-24,0.333,low,0.225,191514
2473,2017-09-19,0.329,low,0.114,212483
2474,2016-08-25,0.329,low,0.051,194394
2475,2017-01-26,0.326,low,0.015,173375
2476,2015-02-17,0.325,low,0.064,194620
2477,2015-11-25,0.324,low,0.146,119712
2478,2017-10-09,0.321,low,0.003,155751
2479,2017-04-21,0.321,low,0.009,193756
2480,2017-04-26,0.32,low,0.14,221754
2481,2015-03-19,0.316,low,0.024,228573
2482,2017-11-27,0.315,low,0.003,204123
2483,2017-09-13,0.315,low,0.05,229042
2484,2018-08-28,0.313,low,0.095,273330
2485,2019-12-23,0.31,low,0.137,194915
2486,2016-12-20,0.309,low,0.216,109979
2487,2016-05-27,0.308,low,0.235,153739
2488,2017-04-28,0.301,low,0.122,185941
2489,2016-07-19,0.3,low,0.023,165175
2490,2017-05-08,0.299,low,0.083,164353
2491,2019-12-17,0.295,low,0.007,311604
2492,2017-03-30,0.289,low,0.018,163121
2493,2017-05-03,0.288,low,0.305,206431
2494,2017-10-03,0.288,low,0.194,207901
2495,2017-01-18,0.287,low,0.176,159690
2496,2017-05-30,0.285,low,0.003,197717
2497,2017-03-13,0.284,low,0.154,173934
2498,2017-02-06,0.283,low,0.033,145402
2499,2017-02-10,0.275,low,0.175,147032
2500,2017-05-15,0.274,low,0.14,180918
2501,2016-08-18,0.27,low,0.057,149002
2502,2017-10-18,0.27,low,0.049,180414
2503,2017-05-26,0.269,low,0.116,163404
2504,2015-02-18,0.267,low,0.058,146465
2505,2015-05-22,0.265,low,0.0,100980
2506,2016-12-23,0.263,low,0.072,69061
2507,2015-02-23,0.262,low,0.087,133132
2508,2016-12-21,0.259,low,0.081,90653
2509,2017-10-16,0.257,low,0.224,167591
2510,2019-12-24,0.251,low,0.026,106029
2511,2016-08-12,0.251,low,0.054,131960
2512,2017-05-10,0.246,low,0.009,174081
2513,2017-02-22,0.229,low,0.086,156582
2514,2017-10-17,0.224,low,0.038,154430
2515,2017-03-17,0.222,low,0.077,143955
2516,2017-05-02,0.221,low,0.104,169050
2517,2017-11-22,0.212,low,0.106,191140
2518,2017-06-05,0.207,low,0.059,177414
